compound,hcc_score,hf_score,hcc_p_perm,hf_p_perm
actinomycin-d,2.0182042,0.3314544,0.000999000999000999,0.2087912087912088
ER-27319,1.6314104,0.031521827,0.000999000999000999,0.48151848151848153
MW-STK33-23,1.6208582,0.03967452,0.000999000999000999,0.44455544455544455
JNJ-7706621,1.5419436,0.01578924,0.000999000999000999,0.4985014985014985
plumbagin,1.4621263,0.5303582,0.000999000999000999,0.13786213786213786
JAK3-inhibitor-VI,1.1634331,0.065773845,0.000999000999000999,0.3996003996003996
peruvoside,1.0780082,0.15272045,0.000999000999000999,0.3276723276723277
JS-K,1.0265177,0.27261895,0.000999000999000999,0.14985014985014986
hydrochlorothiazide,0.95895815,0.3458451,0.000999000999000999,0.06493506493506493
clofilium,0.9578271,0.19343857,0.000999000999000999,0.22077922077922077
AT-7519,0.93940175,0.031615257,0.000999000999000999,0.44555444555444557
thiomersal,0.875079,0.6019889,0.000999000999000999,0.03696303696303696
STK-249718,0.8218329,0.20419678,0.000999000999000999,0.11888111888111888
pyrvinium,0.80916774,0.36630243,0.000999000999000999,0.058941058941058944
STK-397047,0.79793066,0.24986894,0.000999000999000999,0.12387612387612387
MD-II-008-P,0.77937114,0.21264961,0.000999000999000999,0.11688311688311688
KU-C104337,0.7690896,0.15088324,0.000999000999000999,0.20279720279720279
belinostat,0.7380086,0.28253055,0.000999000999000999,0.17882117882117882
z-leu3-VS,0.7322659,0.19322675,0.000999000999000999,0.25574425574425574
VU-0418934-2,0.723575,0.041038215,0.000999000999000999,0.4045954045954046
ryuvidine,0.7183604,0.20906049,0.000999000999000999,0.12387612387612387
NSC-3852,0.71567774,0.19641998,0.000999000999000999,0.17282717282717283
VU-0418947-2,0.7136804,0.2967915,0.000999000999000999,0.08291708291708291
panobinostat,0.71054673,0.103001535,0.000999000999000999,0.26973026973026976
KU-C104495,0.7058234,0.42489305,0.000999000999000999,0.004995004995004995
SCH-79797,0.6981118,0.15206528,0.000999000999000999,0.24675324675324675
sarmentogenin,0.6862018,0.03397946,0.000999000999000999,0.45754245754245754
kanamycin,0.6858847,0.11780506,0.000999000999000999,0.2947052947052947
SA-1939938,0.68331957,0.012396321,0.000999000999000999,0.4695304695304695
CCT036477,0.6800679,0.1526409,0.000999000999000999,0.22677322677322678
mocetinostat,0.67663145,0.13270551,0.000999000999000999,0.2677322677322677
PCI-24781,0.672788,0.18088415,0.000999000999000999,0.2787212787212787
SA-1459167,0.66617143,0.030077294,0.000999000999000999,0.4405594405594406
CHEMBL-399379,0.6574031,0.14459875,0.000999000999000999,0.16883116883116883
sulfamethoxypyridazine,0.6553125,0.22519805,0.000999000999000999,0.16683316683316685
timosaponin,0.65451294,0.3727007,0.000999000999000999,0.06593406593406594
CD-1530,0.6530428,0.02084094,0.000999000999000999,0.43456543456543456
thonzonium,0.6415223,0.009393841,0.000999000999000999,0.4695304695304695
auranofin,0.62152153,0.0004950017,0.000999000999000999,0.4855144855144855
emodin,0.6055595,0.06282554,0.000999000999000999,0.34465534465534464
BG-1003,0.60051256,0.7824981,0.000999000999000999,0.005994005994005994
NCH-51,0.598267,0.25124443,0.000999000999000999,0.17082917082917082
pyrvinium-pamoate,0.59737223,0.06058259,0.000999000999000999,0.3336663336663337
SN-38,0.5945411,0.0015547276,0.000999000999000999,0.5104895104895105
ionomycin,0.5911536,0.3100885,0.000999000999000999,0.08491508491508491
proglumide,0.5884507,0.3504263,0.000999000999000999,0.04095904095904096
gentamicin,0.5708705,0.18169403,0.000999000999000999,0.16183816183816183
carbachol,0.56828725,0.11726752,0.000999000999000999,0.20679320679320679
VU-0418939-2,0.56602347,0.23426113,0.000999000999000999,0.13686313686313686
ST-4029573,0.5575946,0.07681449,0.000999000999000999,0.3036963036963037
PSH-022,0.55137527,0.008456513,0.000999000999000999,0.4915084915084915
leucovorin,0.5503895,0.0031660497,0.000999000999000999,0.4995004995004995
VU-0418946-1,0.54919827,0.23652115,0.000999000999000999,0.1258741258741259
arbutin,0.5467389,0.016837664,0.000999000999000999,0.46553446553446554
SA-89735,0.5372491,0.043794133,0.000999000999000999,0.38161838161838163
ciclopirox,0.5364251,0.24082707,0.000999000999000999,0.15484515484515485
SA-418993,0.53530735,0.13781404,0.000999000999000999,0.26173826173826176
dihydrostreptomycin,0.5207194,0.1125741,0.000999000999000999,0.23976023976023977
K784-3131,0.5187901,0.041832328,0.000999000999000999,0.3726273726273726
SA-96805,0.51651037,0.32123834,0.000999000999000999,0.00999000999000999
I-505056,0.51552445,0.0022605956,0.000999000999000999,0.5124875124875125
baclofen,0.51373893,0.021063596,0.000999000999000999,0.46653346653346656
heliomycin,0.5135081,0.30897182,0.000999000999000999,0.055944055944055944
cadmium-chloride,0.51333004,0.21210302,0.000999000999000999,0.1038961038961039
ramifenazone,0.5118871,0.24284886,0.000999000999000999,0.0979020979020979
anthothecol,0.51050824,0.023317367,0.000999000999000999,0.41358641358641357
GP-42,0.50983036,0.123949386,0.000999000999000999,0.3006993006993007
fadrozole,0.5081601,0.2614184,0.000999000999000999,0.053946053946053944
SA-1922796,0.5000478,0.13241117,0.000999000999000999,0.26673326673326675
gallamine,0.49747017,0.1618456,0.000999000999000999,0.13786213786213786
PD-407824,0.4967752,0.17289814,0.000999000999000999,0.13986013986013987
torin-1,0.4965303,0.10226246,0.000999000999000999,0.26373626373626374
imipenem,0.48642772,0.076387346,0.000999000999000999,0.3156843156843157
amonafide,0.48160368,0.12321293,0.000999000999000999,0.18681318681318682
CD-437,0.47829592,0.018606514,0.000999000999000999,0.4005994005994006
lanatoside-c,0.47709182,0.1123239,0.000999000999000999,0.2937062937062937
SA-247508,0.47584718,0.2281671,0.000999000999000999,0.056943056943056944
AS-601245,0.47409403,0.0780831,0.000999000999000999,0.2887112887112887
COL-3,0.46456084,0.14293319,0.000999000999000999,0.0999000999000999
diacerein,0.45764643,0.114906244,0.000999000999000999,0.1918081918081918
PD-198306,0.45629674,0.08466687,0.000999000999000999,0.2937062937062937
VU-0410183-2,0.4530682,0.2056629,0.000999000999000999,0.12387612387612387
n-bromoacetyltryptamine,0.44845328,0.33661976,0.000999000999000999,0.0899100899100899
sulfadimethoxine,0.44717908,0.26989383,0.000999000999000999,0.11688311688311688
NNC-55-0396,0.44685614,0.015948452,0.000999000999000999,0.4435564435564436
melengestrol,0.44580615,0.048949387,0.000999000999000999,0.3806193806193806
CVF-SUMO-11,0.44477156,0.25483897,0.000999000999000999,0.04495504495504495
BG-1030,0.4415095,0.7281624,0.000999000999000999,0.01098901098901099
EMF-sumo1-39,0.43706942,0.18030989,0.000999000999000999,0.11888111888111888
methandriol,0.435146,0.036481112,0.000999000999000999,0.37962037962037964
clotrimazole,0.43323123,0.045691084,0.000999000999000999,0.32167832167832167
VU-0418933-1,0.43309602,0.22134367,0.000999000999000999,0.10789210789210789
felbinac,0.43248802,0.12183924,0.000999000999000999,0.14985014985014986
BG-1002,0.43074846,0.22989081,0.000999000999000999,0.055944055944055944
neomycin,0.4291172,0.16294438,0.000999000999000999,0.13586413586413587
SA-25547,0.4286114,0.12918435,0.000999000999000999,0.17082917082917082
WAY-262611,0.4285459,0.03591946,0.000999000999000999,0.3946053946053946
paromomycin,0.4274137,0.0083737075,0.000999000999000999,0.4775224775224775
diperodon,0.42739624,0.2972408,0.000999000999000999,0.055944055944055944
F-1566-0341,0.4227962,0.340571,0.000999000999000999,0.026973026973026972
torin-2,0.42071444,0.092156455,0.000999000999000999,0.32367632367632365
KUC111774N,0.41845337,0.16566248,0.000999000999000999,0.022977022977022976
hycanthone,0.4164702,0.5422543,0.000999000999000999,0.01098901098901099
cinobufagin,0.41416192,0.002246648,0.000999000999000999,0.46553446553446554
EMF-bca1-16,0.41254905,0.106983386,0.000999000999000999,0.27372627372627373
RJC-00245SC,0.41193497,0.055003256,0.000999000999000999,0.32167832167832167
acenocoumarol,0.41159907,0.045349658,0.000999000999000999,0.3356643356643357
strophanthidin,0.41134682,0.02483511,0.000999000999000999,0.45054945054945056
zearalenone,0.40713564,0.23579827,0.000999000999000999,0.04895104895104895
clocortolone,0.4069559,0.24301073,0.000999000999000999,0.04595404595404595
NO-ASA,0.40252787,0.15456575,0.000999000999000999,0.1978021978021978
malonoben,0.4023893,0.19133738,0.000999000999000999,0.11188811188811189
BG-1026,0.39514726,0.25668576,0.000999000999000999,0.15584415584415584
lomerizine,0.3947729,0.03589934,0.000999000999000999,0.36663336663336665
carbimazole,0.39432883,0.10855158,0.000999000999000999,0.1998001998001998
SA-427730,0.392753,0.023234919,0.000999000999000999,0.42657342657342656
BG-1004,0.39231485,0.48125762,0.000999000999000999,0.026973026973026972
chrysenequinone,0.39089715,0.071697235,0.001998001998001998,0.3786213786213786
BML-284,0.38839597,0.2742455,0.000999000999000999,0.07192807192807193
SA-426029,0.3882339,0.07130252,0.000999000999000999,0.1918081918081918
BG-FA-0953,0.38590837,0.04807164,0.000999000999000999,0.3246753246753247
KO-143,0.3851356,0.022130178,0.000999000999000999,0.4175824175824176
CVF-SUMO-14,0.38439324,0.364725,0.000999000999000999,0.004995004995004995
disulfiram,0.3842104,0.30449292,0.000999000999000999,0.005994005994005994
dichlorodiamine-platinum,0.38298658,0.13223697,0.000999000999000999,0.16383616383616384
BG-1010,0.37974256,0.2465348,0.000999000999000999,0.07792207792207792
desmethylclomipramine,0.37973872,0.1736796,0.000999000999000999,0.15084915084915085
KW-06,0.3796006,0.26322255,0.000999000999000999,0.054945054945054944
thiostrepton,0.37914395,0.12791574,0.000999000999000999,0.1958041958041958
salermide,0.37881774,0.05470089,0.000999000999000999,0.31868131868131866
rolitetracycline,0.37317276,0.00427258,0.000999000999000999,0.48151848151848153
mycophenolate-mofetil,0.37167394,0.09955059,0.000999000999000999,0.17182817182817184
BIIB-021,0.37128314,0.039800007,0.000999000999000999,0.36563436563436563
YM-155,0.3711638,0.11435413,0.000999000999000999,0.16783216783216784
amphotericin-b,0.3702498,0.19649065,0.000999000999000999,0.08291708291708291
SA-1456195,0.36799204,0.06717752,0.000999000999000999,0.26873126873126874
methyl-dopate,0.3676868,0.22285378,0.000999000999000999,0.08291708291708291
ZM-336372,0.36725017,0.04194936,0.000999000999000999,0.34965034965034963
adiphenine,0.36300728,0.08548418,0.000999000999000999,0.3196803196803197
oxetane,0.362516,0.06715155,0.000999000999000999,0.2787212787212787
triphenyl-tin,0.36212772,0.11459929,0.000999000999000999,0.21878121878121878
sulfaguanidine,0.36118335,0.20314518,0.001998001998001998,0.16583416583416583
SA-1922975,0.36063617,0.08344416,0.000999000999000999,0.20279720279720279
IKK-2-inhibitor-V,0.3590803,0.17601797,0.000999000999000999,0.11788211788211789
reversine,0.3569662,0.0017194524,0.000999000999000999,0.4915084915084915
flumethasone,0.3556131,0.17871684,0.000999000999000999,0.16183816183816183
JAS07-002,0.35549772,0.10733095,0.000999000999000999,0.11688311688311688
HC-toxin,0.3507513,0.113208786,0.000999000999000999,0.32367632367632365
MD-II-051,0.35067883,0.13182324,0.000999000999000999,0.1838161838161838
avrainvillamide-analog-2,0.3502139,0.094893195,0.000999000999000999,0.08591408591408592
lacidipine,0.34852386,0.053208143,0.000999000999000999,0.25274725274725274
methylene-blue,0.3478896,0.015805125,0.000999000999000999,0.45054945054945056
palbociclib,0.34524968,0.03421448,0.000999000999000999,0.36163836163836166
AT-SUMO-1,0.34479362,0.23082422,0.000999000999000999,0.015984015984015984
chloramphenicol,0.343055,0.06718508,0.000999000999000999,0.25074925074925075
CT-200783,0.34305128,0.34125417,0.000999000999000999,0.025974025974025976
SA-90030,0.3416506,0.05878693,0.000999000999000999,0.26073926073926074
taxifolin,0.34119046,0.029987514,0.000999000999000999,0.35864135864135865
nonoxynol-9,0.34094802,0.05471164,0.000999000999000999,0.35764235764235763
KM-00799,0.34069943,0.01723361,0.000999000999000999,0.4385614385614386
loteprednol,0.33855447,0.0947739,0.000999000999000999,0.12387612387612387
nisoldipine,0.33842984,0.16035238,0.000999000999000999,0.06793206793206794
"(+/-)-7-hydroxy-2-(N,N-di-n-propylamino)tetralin",0.33679956,0.19035302,0.000999000999000999,0.017982017982017984
KUC103424N,0.33617753,0.15391158,0.000999000999000999,0.052947052947052944
levalbuterol,0.3349098,0.03788399,0.000999000999000999,0.4045954045954046
MD-040,0.3334571,0.028510574,0.000999000999000999,0.4165834165834166
theobromine,0.33299953,0.13431308,0.000999000999000999,0.17282717282717283
SA-1456576,0.3319605,0.0447376,0.000999000999000999,0.3626373626373626
flunixin,0.33075404,0.07085098,0.000999000999000999,0.33466533466533466
K784-3187,0.32921767,0.12258655,0.000999000999000999,0.18581418581418582
SA-424534,0.32879657,0.118074656,0.000999000999000999,0.1928071928071928
loracarbef,0.32500932,0.032323092,0.000999000999000999,0.4245754245754246
narciclasine,0.32262257,0.12618092,0.001998001998001998,0.27472527472527475
quinelorane,0.32026443,0.03901294,0.000999000999000999,0.34865134865134867
RS-I-002-6,0.31686586,0.1788184,0.000999000999000999,0.16083916083916083
floxuridine,0.31612107,0.005974449,0.000999000999000999,0.45254745254745254
XL-147,0.31608582,0.034741722,0.000999000999000999,0.36063936063936064
halometasone,0.31564677,0.09694034,0.000999000999000999,0.15184815184815184
alprazolam,0.314,0.07724893,0.000999000999000999,0.26173826173826176
BG-1028,0.31337172,0.29869032,0.004995004995004995,0.16783216783216784
targinine,0.31191757,0.07841333,0.000999000999000999,0.22077922077922077
latanoprost,0.3119018,0.07766956,0.000999000999000999,0.1838161838161838
A-23187,0.3107301,0.012750998,0.000999000999000999,0.48151848151848153
PF-750,0.31060922,0.03813918,0.000999000999000999,0.3276723276723277
MD-049,0.30772144,0.07288067,0.000999000999000999,0.25074925074925075
nifuroxazide,0.30743754,0.28199592,0.000999000999000999,0.04295704295704296
piromidic-acid,0.30581573,0.28866506,0.000999000999000999,0.03396603396603397
BG-1007,0.30368772,0.42786938,0.002997002997002997,0.06593406593406594
etretinate,0.30332753,0.049553156,0.000999000999000999,0.4205794205794206
SA-3676,0.30247685,0.027289184,0.000999000999000999,0.3886113886113886
methyl-hydantoin,0.29594737,0.044893436,0.000999000999000999,0.35564435564435565
BG-1029,0.2927975,0.65145284,0.00999000999000999,0.01098901098901099
Ac-Leu-Leu-Nle-CHO,0.29276174,0.47751784,0.001998001998001998,0.01898101898101898
phthalylsulfathiazole,0.29220128,0.34391165,0.000999000999000999,0.005994005994005994
IQ1,0.28990513,0.07853341,0.000999000999000999,0.2887112887112887
SA-1457415,0.2891341,0.058535427,0.000999000999000999,0.34565434565434566
hippeastrine,0.28911933,0.028995961,0.000999000999000999,0.34665334665334663
KU-C103882,0.2877422,0.032383952,0.000999000999000999,0.36063936063936064
KU-C104135,0.28685293,0.18894006,0.000999000999000999,0.07492507492507493
KU-C104254,0.2868149,0.20609853,0.000999000999000999,0.012987012987012988
SA-1456443,0.28591812,0.029892296,0.000999000999000999,0.34165834165834164
I-606051,0.2849878,0.011343326,0.000999000999000999,0.45254745254745254
triacetylresveratrol,0.28357327,0.16932662,0.000999000999000999,0.11788211788211789
ZK-93423,0.28251386,0.11507407,0.000999000999000999,0.08391608391608392
cerulenin,0.28156307,0.07755792,0.000999000999000999,0.23776223776223776
hydroxyl,0.28070027,0.13106728,0.000999000999000999,0.07392607392607392
withaferin-a,0.2806141,0.14451097,0.000999000999000999,0.0989010989010989
procaterol,0.28049168,0.014697522,0.000999000999000999,0.4435564435564436
cefalotin,0.27991176,0.17498037,0.000999000999000999,0.11588411588411589
SA-1456170,0.27969688,0.008244729,0.000999000999000999,0.47152847152847155
chlorhexidine,0.2782924,0.024132702,0.000999000999000999,0.44955044955044954
monensin,0.2782111,0.08389979,0.000999000999000999,0.2827172827172827
Ro-28-1675,0.27817422,0.016977891,0.000999000999000999,0.41358641358641357
oxindole-I,0.27722862,0.04775773,0.000999000999000999,0.3306693306693307
tosedostat,0.27686185,0.015151966,0.000999000999000999,0.42657342657342656
SA-90471,0.27635622,0.03321427,0.000999000999000999,0.3936063936063936
I-070759,0.27634805,0.067623734,0.000999000999000999,0.2947052947052947
meglumine,0.27609935,0.1041581,0.000999000999000999,0.2177822177822178
BJM-CSC-15,0.27352297,0.05870469,0.000999000999000999,0.1798201798201798
BG-1032,0.2726949,0.111015275,0.000999000999000999,0.2597402597402597
avicin-g,0.27082765,0.0012624748,0.000999000999000999,0.4935064935064935
cefepime,0.27016595,0.05212745,0.000999000999000999,0.3866133866133866
fenoprofen,0.2690724,0.10689233,0.000999000999000999,0.21578421578421578
KU-C103672,0.2681756,0.17259452,0.000999000999000999,0.04895104895104895
PSH-012,0.267847,0.15229103,0.000999000999000999,0.04295704295704296
bisphenol-a,0.26636785,0.02089756,0.000999000999000999,0.42157842157842157
propidium,0.26618302,0.082916126,0.000999000999000999,0.2857142857142857
cyproheptadine,0.26600403,0.010327145,0.000999000999000999,0.4435564435564436
parachlorophenol,0.26368195,0.04313696,0.000999000999000999,0.3516483516483517
sulfamethoxazole,0.26098594,0.1386059,0.001998001998001998,0.18681318681318682
NVP-AUY922,0.26069048,0.042562157,0.000999000999000999,0.34565434565434566
isoniazid,0.2604809,0.16415517,0.000999000999000999,0.055944055944055944
BG-1027,0.26045376,0.5434753,0.011988011988011988,0.025974025974025976
nitazoxanide,0.26037887,0.04123459,0.000999000999000999,0.35064935064935066
SKF-81297,0.2590379,0.06415862,0.000999000999000999,0.14985014985014986
nelfinavir,0.2588453,0.029581696,0.000999000999000999,0.34165834165834164
KU-C104137,0.25799417,0.11555229,0.000999000999000999,0.25374625374625376
WT-171,0.25728008,0.17646153,0.000999000999000999,0.16083916083916083
alfacalcidol,0.25529817,0.038637966,0.000999000999000999,0.3046953046953047
SNS-314,0.255026,0.04219202,0.000999000999000999,0.3146853146853147
KN-93,0.25487217,0.027167827,0.000999000999000999,0.4085914085914086
minocycline,0.254785,0.15279536,0.000999000999000999,0.14585414585414586
SA-1458450,0.2515884,0.09578383,0.000999000999000999,0.12087912087912088
quiflapon,0.2511521,0.11094949,0.000999000999000999,0.08891108891108891
elvitegravir,0.24929336,0.01975318,0.000999000999000999,0.4025974025974026
trolox,0.24923372,0.0045352243,0.000999000999000999,0.47152847152847155
SA-84869,0.24890813,0.10019288,0.000999000999000999,0.19880119880119881
SK-383933,0.24741977,0.1346552,0.000999000999000999,0.23176823176823177
KDM-103,0.24739195,0.11371306,0.000999000999000999,0.21578421578421578
FCCP,0.24628869,0.109487146,0.000999000999000999,0.17582417582417584
ISOX,0.24496311,0.20384651,0.005994005994005994,0.19880119880119881
ENMD-2076,0.2443797,0.052354068,0.000999000999000999,0.25074925074925075
m-3M3FBS,0.24379013,0.015457943,0.000999000999000999,0.4485514485514486
KU-C104488,0.24193506,0.21500349,0.000999000999000999,0.059940059940059943
1-phenylbiguanide,0.24167,0.26958033,0.000999000999000999,0.01898101898101898
tacedinaline,0.2402919,0.06836076,0.000999000999000999,0.17282717282717283
salbutamol,0.23993653,0.0028005838,0.000999000999000999,0.4805194805194805
KM-04501,0.23928577,0.123503566,0.000999000999000999,0.08691308691308691
tigecycline,0.23886181,0.0691454,0.000999000999000999,0.14285714285714285
SKI-II,0.23846257,0.0072105816,0.000999000999000999,0.4725274725274725
SA-1938862,0.23823844,0.028560095,0.000999000999000999,0.3676323676323676
TNP-470,0.23738977,0.21752517,0.000999000999000999,0.06293706293706294
KU-C104133,0.23411895,0.013393909,0.000999000999000999,0.45754245754245754
l-buthionine-sulfoximine,0.23352984,0.13233075,0.000999000999000999,0.02097902097902098
tangeritin,0.2318306,0.048621655,0.000999000999000999,0.25074925074925075
VU-0366037-2,0.23123123,0.020141482,0.000999000999000999,0.3776223776223776
diaminoquinazoline,0.23064889,0.24799192,0.000999000999000999,0.059940059940059943
UTMB-00530,0.2303793,0.040124282,0.000999000999000999,0.3156843156843157
propanoic-acid,0.22952192,0.13228068,0.000999000999000999,0.08191808191808192
flavokavain-b,0.22845396,0.19652072,0.000999000999000999,0.029970029970029972
iodoacetic-acid,0.22844744,0.22533982,0.000999000999000999,0.04495504495504495
D-64406,0.22776443,0.07629102,0.000999000999000999,0.2127872127872128
esatenolol,0.2275391,0.17070189,0.000999000999000999,0.07192807192807193
idoxuridine,0.22698388,0.24958846,0.000999000999000999,0.053946053946053944
ascorbic-acid,0.2267152,0.081176646,0.000999000999000999,0.13086913086913088
lomefloxacin,0.22658741,0.12500323,0.001998001998001998,0.22477522477522477
YL-61,0.22619072,0.100285694,0.000999000999000999,0.16883116883116883
p-aminophenethylspiperone,0.22578165,0.07848958,0.001998001998001998,0.32367632367632365
GW-405833,0.22539894,0.015312559,0.000999000999000999,0.4145854145854146
dizocilpine,0.22532699,0.14806972,0.000999000999000999,0.04595404595404595
SA-247636,0.22456151,0.06079205,0.000999000999000999,0.22077922077922077
artemether,0.22412187,0.040586412,0.000999000999000999,0.34765234765234765
PSH-013,0.22391729,0.13783608,0.000999000999000999,0.04295704295704296
SA-247592,0.22312534,0.11453217,0.000999000999000999,0.04795204795204795
RN1,0.2227749,0.41961148,0.000999000999000999,0.001998001998001998
aminoresveratrol,0.22202657,0.2075952,0.001998001998001998,0.10589410589410589
tegaserod,0.22109112,0.18498367,0.001998001998001998,0.1038961038961039
SA-1462678,0.21968609,0.035387103,0.000999000999000999,0.33766233766233766
SA-441145,0.21730262,0.0430446,0.000999000999000999,0.32867132867132864
KIN001-242,0.21688926,0.007304417,0.000999000999000999,0.46353646353646355
Z-36,0.21685675,0.22281215,0.006993006993006993,0.18081918081918083
SA-1458306,0.21674462,0.008561746,0.000999000999000999,0.42857142857142855
calmidazolium,0.21665883,0.009461328,0.000999000999000999,0.4645354645354645
radicicol,0.21557477,0.16968453,0.000999000999000999,0.06593406593406594
PU-H71,0.21484317,0.19917081,0.000999000999000999,0.030969030969030968
BCI-hydrochloride,0.21472347,0.23193978,0.000999000999000999,0.03696303696303696
JAS07-004,0.21465538,0.09170711,0.000999000999000999,0.14385614385614387
nandrolone,0.21463846,0.0993519,0.000999000999000999,0.0969030969030969
rimonabant,0.21427903,0.049732663,0.000999000999000999,0.35764235764235763
GNF-2,0.21398243,0.07117349,0.000999000999000999,0.18581418581418582
saclofen,0.21375798,0.08421117,0.000999000999000999,0.08591408591408592
AZD-8330,0.21260472,0.03611905,0.000999000999000999,0.35264735264735264
CP-466722,0.21244228,0.07167213,0.000999000999000999,0.19080919080919082
exifone,0.2123962,0.13910483,0.000999000999000999,0.09090909090909091
PX-12,0.21134643,0.19218946,0.000999000999000999,0.03696303696303696
CAY-10618,0.21009281,0.14451489,0.000999000999000999,0.03196803196803197
SA-102042,0.20901704,0.011261206,0.001998001998001998,0.4905094905094905
L-750667,0.20721588,0.045455977,0.000999000999000999,0.23276723276723277
ST-056792,0.20645794,0.30382732,0.000999000999000999,0.01998001998001998
U-0126,0.20594749,0.08641112,0.000999000999000999,0.14285714285714285
VU-0424206-1,0.20569882,0.017419968,0.000999000999000999,0.44955044955044954
KU-C103869,0.20462835,0.26832816,0.000999000999000999,0.006993006993006993
methylprednisolone,0.20444676,0.12480348,0.000999000999000999,0.06593406593406594
dalcetrapib,0.20434812,0.04709211,0.000999000999000999,0.17482517482517482
BX-795,0.20303838,0.10022357,0.000999000999000999,0.1968031968031968
phosphodiesterase-V-inhibitor-II,0.20264849,0.11707382,0.000999000999000999,0.056943056943056944
J-104129,0.20260857,0.06730983,0.000999000999000999,0.17282717282717283
SA-1925246,0.20110205,0.119218364,0.000999000999000999,0.11888111888111888
cerivastatin,0.20086628,0.10484886,0.000999000999000999,0.17082917082917082
tamibarotene,0.20076826,0.11130075,0.000999000999000999,0.056943056943056944
erbstatin-analog,0.20064664,0.055231735,0.000999000999000999,0.2837162837162837
carbidopa,0.20019566,0.043190107,0.000999000999000999,0.26073926073926074
SA-1919710,0.20001855,0.04578367,0.000999000999000999,0.3096903096903097
SA-1938757,0.19908491,0.06287067,0.000999000999000999,0.25674325674325676
EMF-sumo1-11,0.19866714,0.1343045,0.000999000999000999,0.04395604395604396
metitepine,0.19843586,0.12642568,0.004995004995004995,0.23976023976023977
dofetilide,0.19771276,0.09743199,0.000999000999000999,0.15584415584415584
SCH-442416,0.19531083,0.061426163,0.000999000999000999,0.24175824175824176
aminocaproic-acid,0.19450977,0.09582484,0.000999000999000999,0.22377622377622378
bifonazole,0.19426872,0.08533841,0.000999000999000999,0.08191808191808192
AZD-7545,0.19412076,0.05895602,0.000999000999000999,0.15984015984015984
M-344,0.19391261,0.40705454,0.056943056943056944,0.0989010989010989
pelitinib,0.193875,0.02450363,0.000999000999000999,0.36063936063936064
leoidin,0.19381762,0.07824908,0.000999000999000999,0.14985014985014986
sunitinib,0.19250101,0.17803425,0.000999000999000999,0.04395604395604396
mometasone,0.19167177,0.18387167,0.000999000999000999,0.002997002997002997
a-disintegrin-and-metalloproteinase,0.19155702,0.29765344,0.000999000999000999,0.004995004995004995
flunisolide,0.19008419,0.029906541,0.000999000999000999,0.30569430569430567
phorbol-myristate-acetate,0.18973787,0.15391776,0.024975024975024976,0.22877122877122877
chlordiazepoxide,0.18972564,0.064172804,0.000999000999000999,0.22877122877122877
tyrphostin-A9,0.18954268,0.2104766,0.000999000999000999,0.04495504495504495
SR-142948,0.18861899,0.010612366,0.000999000999000999,0.4275724275724276
oligomycin-c,0.18860579,0.0013958514,0.000999000999000999,0.48951048951048953
sulfadimidine,0.18781611,0.16757685,0.000999000999000999,0.12387612387612387
piceatannol,0.18719272,0.041222177,0.000999000999000999,0.24775224775224775
parthenolide,0.18657053,0.12929104,0.000999000999000999,0.0989010989010989
oxyphenbutazone,0.18638922,0.27220535,0.000999000999000999,0.014985014985014986
SA-247582,0.18601155,0.024203535,0.000999000999000999,0.4005994005994006
MG-132,0.18363202,0.093580216,0.001998001998001998,0.1998001998001998
pyrazolanthrone,0.18297373,0.006581813,0.000999000999000999,0.46553446553446554
SA-1472655,0.18289982,0.17556429,0.000999000999000999,0.012987012987012988
quinoclamine,0.18263379,0.065024465,0.000999000999000999,0.15584415584415584
BG-1031,0.18213704,0.20396218,0.000999000999000999,0.03396603396603397
gavestinel,0.18012106,0.0020381436,0.000999000999000999,0.4755244755244755
UGISS-451,0.18004805,0.0480901,0.000999000999000999,0.2837162837162837
phenelzine,0.17977694,0.026126683,0.000999000999000999,0.36363636363636365
XMD-892,0.17931488,0.010149032,0.000999000999000999,0.42957042957042957
suprofen,0.17880172,0.064141214,0.000999000999000999,0.2947052947052947
HNHA,0.17837924,0.09126576,0.000999000999000999,0.11888111888111888
rifabutin,0.17777866,0.032131046,0.000999000999000999,0.31868131868131866
eudesmic-acid,0.17771006,0.027009008,0.000999000999000999,0.3726273726273726
methyl-fasudil,0.17655161,0.067944296,0.000999000999000999,0.1798201798201798
KU-C104140,0.17624423,0.044312574,0.000999000999000999,0.3516483516483517
pentamidine,0.17511237,0.048734903,0.000999000999000999,0.3016983016983017
chloroform,0.17498583,0.069202065,0.000999000999000999,0.23976023976023977
triclabendazole,0.17476214,0.007715851,0.000999000999000999,0.45854145854145856
mammea-a,0.17466298,0.107802,0.000999000999000999,0.04495504495504495
remacemide,0.17461406,0.013413347,0.000999000999000999,0.44655344655344653
TUL_XX087,0.17348662,0.075871214,0.000999000999000999,0.17882117882117882
SA-1017940,0.17345862,0.031505376,0.000999000999000999,0.38461538461538464
valdecoxib,0.17277215,0.036988854,0.000999000999000999,0.3356643356643357
BO2-inhibits-RAD51,0.17263733,0.07096955,0.000999000999000999,0.15984015984015984
MK-2206,0.17223403,0.02826577,0.000999000999000999,0.3436563436563437
SA-247615,0.17173916,0.10182544,0.000999000999000999,0.13486513486513488
hexamethyleneamiloride,0.1708916,0.0155635355,0.000999000999000999,0.4075924075924076
erlotinib,0.1705738,0.009181112,0.000999000999000999,0.43756243756243757
ST-023431,0.17056805,0.004544884,0.000999000999000999,0.4825174825174825
L-701252,0.16999228,0.0152644515,0.000999000999000999,0.3916083916083916
calcifediol,0.16966492,0.08152422,0.000999000999000999,0.06793206793206794
SD-6-035-A9,0.16916631,0.12567346,0.000999000999000999,0.07392607392607392
SIB-1757,0.16814129,0.087458685,0.000999000999000999,0.11388611388611389
ganciclovir,0.16780645,0.15241079,0.000999000999000999,0.03696303696303696
alisertib,0.16752732,0.029190361,0.000999000999000999,0.32667332667332666
avrainvillamide-analog-6,0.16713253,0.061071727,0.000999000999000999,0.12987012987012986
KU-C104228,0.1661802,0.37011626,0.000999000999000999,0.000999000999000999
SA-1938867,0.16577914,0.18456471,0.000999000999000999,0.011988011988011988
p-azido-PE-TFMPP,0.16526355,0.55184233,0.007992007992007992,0.001998001998001998
reichstein,0.16442084,0.14183015,0.000999000999000999,0.03496503496503497
DG-041,0.16404411,0.042370528,0.000999000999000999,0.32867132867132864
SA-85148,0.16349536,0.07495272,0.000999000999000999,0.24175824175824176
BG-1011,0.16297236,0.2647385,0.000999000999000999,0.008991008991008992
hyperoside,0.16282523,0.033864617,0.000999000999000999,0.37162837162837165
tinidazole,0.16265754,0.06090112,0.000999000999000999,0.2177822177822178
bafilomycin,0.16220862,0.06656357,0.000999000999000999,0.24775224775224775
vicriviroc,0.16182925,0.19554636,0.000999000999000999,0.008991008991008992
SKF-82958,0.1617689,0.08235644,0.000999000999000999,0.1918081918081918
arachidonyl-trifluoro-methane,0.16126312,0.03485816,0.000999000999000999,0.32867132867132864
stavudine,0.1603702,0.070025325,0.000999000999000999,0.13786213786213786
7b-cis,0.16028684,0.08854431,0.000999000999000999,0.17282717282717283
MW-STK33-2C,0.16016063,0.020694029,0.000999000999000999,0.3936063936063936
BML-266,0.1594707,0.054481078,0.000999000999000999,0.3256743256743257
gamma-linolenic-acid,0.15865731,0.04774669,0.000999000999000999,0.2897102897102897
SA-94315,0.15826732,0.024539448,0.000999000999000999,0.36663336663336665
aminobenztropine,0.15787464,0.0680768,0.000999000999000999,0.24075924075924077
tanespimycin,0.1577049,0.09454925,0.000999000999000999,0.11288711288711288
emedastine,0.1570318,0.11038269,0.001998001998001998,0.22277722277722278
bufexamac,0.15626103,0.11247328,0.003996003996003996,0.22077922077922077
epothilone-a,0.15607765,0.11410033,0.000999000999000999,0.05094905094905095
KU-C104227,0.15431112,0.034334123,0.000999000999000999,0.34965034965034963
Ro-08-2750,0.15391111,0.04875609,0.000999000999000999,0.23176823176823177
KU-C104219,0.15374689,0.06502018,0.000999000999000999,0.2097902097902098
allopurinol,0.15337086,0.122193694,0.002997002997002997,0.1798201798201798
methyldopa,0.1530597,0.18793435,0.04395604395604396,0.16883116883116883
GW-441756,0.15272975,0.00480783,0.000999000999000999,0.4925074925074925
ibrutinib,0.15252137,0.008704502,0.000999000999000999,0.4595404595404595
nintedanib,0.15181059,0.016796976,0.000999000999000999,0.3946053946053946
SA-247384,0.15112634,0.034254283,0.000999000999000999,0.35764235764235763
ethynodiol,0.15062205,0.27711993,0.003996003996003996,0.027972027972027972
foxy-5,0.15032756,0.11713198,0.002997002997002997,0.13586413586413587
avicin-d,0.14863163,0.019332966,0.000999000999000999,0.34965034965034963
sonidegib,0.1479855,0.09290726,0.000999000999000999,0.13686313686313686
saquinavir,0.14718631,0.033090375,0.000999000999000999,0.2647352647352647
ZK-164015,0.14553884,0.07465407,0.000999000999000999,0.1848151848151848
cefuroxime,0.1455209,0.06603423,0.000999000999000999,0.22677322677322678
epinephrine-(racemic),0.14521651,0.043481797,0.000999000999000999,0.27472527472527475
CP-724714,0.14468852,0.035573944,0.000999000999000999,0.2037962037962038
JAK3-inhibitor-V,0.14441928,0.13017808,0.000999000999000999,0.052947052947052944
closantel,0.14374816,0.019112185,0.001998001998001998,0.4405594405594406
SA-1458026,0.14170492,0.1564709,0.000999000999000999,0.014985014985014986
ifenprodil,0.14112307,0.13257356,0.000999000999000999,0.02197802197802198
methapyrilene,0.14094536,0.07543831,0.000999000999000999,0.13086913086913088
BG-1016,0.14079179,0.09527142,0.006993006993006993,0.24375624375624375
methylatropine,0.14048664,0.10097989,0.002997002997002997,0.19480519480519481
KUC104240N,0.13985673,0.06833275,0.000999000999000999,0.18281718281718282
ARG-A1-2,0.13965975,0.14084408,0.000999000999000999,0.023976023976023976
elesclomol,0.13912019,0.064471185,0.000999000999000999,0.14785214785214784
SA-1456570,0.13889007,0.060094208,0.000999000999000999,0.2127872127872128
LE-135,0.13886917,0.029985785,0.000999000999000999,0.3246753246753247
bulleyaconitine-a,0.13872883,0.018364143,0.000999000999000999,0.38961038961038963
cisplatin,0.13856538,0.03570384,0.000999000999000999,0.2517482517482518
MW-SHH-61,0.13844636,0.03696222,0.000999000999000999,0.26073926073926074
etamsylate,0.13812256,0.21926814,0.002997002997002997,0.029970029970029972
BAY-K8644,0.13812125,0.15426704,0.004995004995004995,0.13086913086913088
HMN-214,0.13791305,0.13894425,0.000999000999000999,0.005994005994005994
SA-1458985,0.13785514,0.13442856,0.002997002997002997,0.08791208791208792
SR-144528,0.13779536,0.050185684,0.000999000999000999,0.33766233766233766
5-FP,0.13723594,0.04135786,0.000999000999000999,0.26173826173826176
pimozide,0.13583794,0.030759044,0.000999000999000999,0.27672327672327673
SA-422830,0.13538939,0.07727286,0.000999000999000999,0.19080919080919082
WY-01-045,0.13430238,0.069946796,0.000999000999000999,0.04795204795204795
AT-CSC-07,0.13359377,0.01839846,0.000999000999000999,0.3916083916083916
JTE-013,0.13349298,0.002284348,0.000999000999000999,0.4975024975024975
KUC103893N,0.13334897,0.16184248,0.000999000999000999,0.03196803196803197
ibuprofen-(S),0.1327143,0.004393533,0.000999000999000999,0.46853146853146854
treprostinil,0.13132079,0.05374553,0.000999000999000999,0.24375624375624375
darifenacin,0.13081242,0.1498409,0.004995004995004995,0.11888111888111888
avrainvillamide-analog-4,0.1300978,0.0063278712,0.000999000999000999,0.45754245754245754
MW-SHH-28,0.12954736,0.12828347,0.000999000999000999,0.001998001998001998
VEGF-receptor-2-kinase-inhibitor-IV,0.12906371,0.046977688,0.000999000999000999,0.26873126873126874
ursolic-acid,0.12872455,0.017280327,0.000999000999000999,0.35664335664335667
nefazodone,0.12857112,0.028392345,0.000999000999000999,0.2947052947052947
dinoprost,0.1279287,0.068793304,0.002997002997002997,0.26173826173826176
KU-C104250,0.12787038,0.019086361,0.001998001998001998,0.4225774225774226
KU-C104493,0.12772708,0.076530695,0.002997002997002997,0.24175824175824176
norcitalopram,0.12676091,0.24706292,0.011988011988011988,0.03696303696303696
entinostat,0.12670603,0.093717426,0.001998001998001998,0.1798201798201798
andarine,0.12664154,0.026209325,0.000999000999000999,0.34165834165834164
etifenin,0.126459,0.04071293,0.000999000999000999,0.25674325674325676
XMD-1150,0.12565722,0.02326686,0.000999000999000999,0.3876123876123876
formoterol,0.1256358,0.011181101,0.000999000999000999,0.4065934065934066
dimethylnitrosamine,0.12544978,0.001664415,0.001998001998001998,0.4865134865134865
levomepromazine,0.12541026,0.047552124,0.000999000999000999,0.1918081918081918
fluticasone,0.12466171,0.08897818,0.000999000999000999,0.056943056943056944
2-(biphenyl-4-ylsulfonamido)pentanedioic-acid,0.12427919,0.049403936,0.000999000999000999,0.23876123876123875
ethoxyquin,0.122870415,0.0046481546,0.003996003996003996,0.4835164835164835
SA-434027,0.12283277,0.056875426,0.000999000999000999,0.1838161838161838
balsalazide,0.12160706,0.06931255,0.003996003996003996,0.27172827172827174
gabexate,0.1211196,0.06196835,0.000999000999000999,0.16083916083916083
canertinib,0.120845154,0.0013446659,0.000999000999000999,0.5254745254745254
ixazomib,0.120602205,0.027836353,0.04095904095904096,0.4015984015984016
lonidamine,0.1205962,0.0017734729,0.000999000999000999,0.5064935064935064
oleanolic-acid,0.120032236,0.080975235,0.002997002997002997,0.22677322677322678
UBP-302,0.1199936,0.03998086,0.000999000999000999,0.24775224775224775
SA-1939126,0.119904324,0.016802885,0.000999000999000999,0.40559440559440557
rivastigmine,0.119304806,0.051786773,0.01098901098901099,0.35264735264735264
rufloxacin,0.11808558,0.03684877,0.000999000999000999,0.3046953046953047
kaempferol,0.11733269,0.071139894,0.004995004995004995,0.26073926073926074
pyroxamide,0.11668873,0.11110762,0.013986013986013986,0.21978021978021978
ethionamide,0.11667517,0.21461374,0.005994005994005994,0.04195804195804196
trichlormethiazide,0.11636611,0.0104794875,0.006993006993006993,0.47352647352647353
dithiothreitol,0.11615135,0.01017116,0.000999000999000999,0.4175824175824176
BIX-02188,0.11609103,0.00465174,0.000999000999000999,0.4775224775224775
norgestrel,0.1160654,0.11663257,0.000999000999000999,0.052947052947052944
betulinic-acid,0.115996465,0.06656015,0.000999000999000999,0.2127872127872128
ST-013960,0.11502433,0.13337964,0.000999000999000999,0.022977022977022976
pivampicillin,0.11481349,0.17328916,0.002997002997002997,0.04295704295704296
NNC-63-0532,0.11401419,0.038275838,0.000999000999000999,0.22377622377622378
CAM-9-021,0.113486454,0.009995788,0.000999000999000999,0.43356643356643354
cyclophosphamide,0.11338281,0.055464953,0.000999000999000999,0.2127872127872128
telmisartan,0.112391934,0.017905012,0.000999000999000999,0.36363636363636365
SA-1472542,0.11235726,0.06979556,0.000999000999000999,0.11188811188811189
JAS07-005,0.11171976,0.042577077,0.000999000999000999,0.2947052947052947
trans-bis-q,0.11162104,0.08831236,0.005994005994005994,0.19880119880119881
ranolazine,0.110671744,0.035129614,0.000999000999000999,0.22577422577422576
SA-1462246,0.11061597,0.12352593,0.000999000999000999,0.04495504495504495
RAN-29,0.10940893,0.022817478,0.000999000999000999,0.3986013986013986
oxidopamine,0.10779339,0.20117263,0.01898101898101898,0.060939060939060936
eriodictyol,0.10727124,0.00994968,0.000999000999000999,0.42957042957042957
canrenone,0.10697484,0.03951877,0.017982017982017984,0.4115884115884116
BG-1006,0.10696106,0.4927994,0.14685314685314685,0.04595404595404595
MW-A1-12,0.10629158,0.19033793,0.001998001998001998,0.012987012987012988
BG-1024,0.10605264,0.18990268,0.03896103896103896,0.12687312687312688
L-690488,0.10572262,0.1234346,0.000999000999000999,0.058941058941058944
fendiline,0.10554701,0.0052967668,0.024975024975024976,0.4885114885114885
dimaprit,0.10554099,0.04736858,0.006993006993006993,0.3386613386613387
tetrachloroethylene,0.10512472,0.032138787,0.017982017982017984,0.42357642357642356
iohexol,0.10509719,0.12824416,0.011988011988011988,0.12387612387612387
SU-4312,0.10468382,0.009976722,0.000999000999000999,0.4145854145854146
CVF-SUMO-7,0.10376918,0.09165689,0.011988011988011988,0.1998001998001998
mebendazole,0.1033715,0.20718107,0.005994005994005994,0.015984015984015984
SD-6-035-A3,0.10324037,0.029121637,0.000999000999000999,0.3676323676323676
florfenicol,0.103162564,0.20013687,0.00999000999000999,0.03496503496503497
sulmazole,0.102941185,0.03552361,0.000999000999000999,0.26373626373626374
butirosin,0.102639616,0.22987592,0.03196803196803197,0.052947052947052944
PD-123319,0.10258211,0.02562648,0.000999000999000999,0.3206793206793207
riluzole,0.10203733,0.016654328,0.000999000999000999,0.3696303696303696
VU-0402605,0.10171959,0.109016106,0.000999000999000999,0.07592407592407592
SA-1460008,0.10117517,0.123011455,0.000999000999000999,0.061938061938061936
KIN001-266,0.10066807,0.00862512,0.000999000999000999,0.43456543456543456
demecarium,0.09926918,0.045709006,0.016983016983016984,0.35564435564435565
LY-225910,0.098912574,0.0029781908,0.000999000999000999,0.46553446553446554
hexetidine,0.09812195,0.08548614,0.02197802197802198,0.26573426573426573
VER-155008,0.09763208,0.044767126,0.000999000999000999,0.2827172827172827
iriflophenone,0.097603515,0.06755063,0.003996003996003996,0.21478521478521478
PNU-74654,0.09756994,0.043282535,0.000999000999000999,0.27172827172827174
vinblastine,0.09727072,0.22577119,0.00999000999000999,0.011988011988011988
TCDD-dioxin,0.097230494,0.06837579,0.01098901098901099,0.24575424575424576
tetracaine,0.097184144,0.108090274,0.007992007992007992,0.1928071928071928
GYKI-52466,0.09674574,0.013337171,0.000999000999000999,0.42657342657342656
DASB,0.09662661,0.061135925,0.03196803196803197,0.32667332667332666
JMW-MITF1,0.09632157,0.026304737,0.000999000999000999,0.33166833166833165
zolmitriptan,0.09620487,0.020593852,0.000999000999000999,0.33966033966033965
SR-48692,0.09590818,0.109983735,0.03196803196803197,0.2057942057942058
didanosine,0.09572535,0.06687506,0.000999000999000999,0.14885114885114886
BIBR-1532,0.09533665,0.13679801,0.001998001998001998,0.03396603396603397
VU-0366968,0.09525502,0.081801265,0.000999000999000999,0.13286713286713286
vincamine,0.095254995,0.02897174,0.000999000999000999,0.3516483516483517
DL-PDMP,0.094792165,0.05306019,0.000999000999000999,0.1938061938061938
MD-920,0.09442177,0.0052160323,0.000999000999000999,0.4835164835164835
SAR-245409,0.09306538,0.019415978,0.001998001998001998,0.4025974025974026
JTE-907,0.092684016,0.060911067,0.001998001998001998,0.2047952047952048
JLK-6,0.09200773,0.19787107,0.007992007992007992,0.03596403596403597
ryanodine,0.09180329,0.040073313,0.000999000999000999,0.2677322677322677
cefotaxime,0.09143388,0.016957756,0.003996003996003996,0.42357642357642356
2-aminotetralin,0.09040829,0.26111233,0.04295704295704296,0.029970029970029972
carnosol,0.09018685,0.06450432,0.02197802197802198,0.26373626373626374
lamotrigine,0.089509234,0.013305593,0.000999000999000999,0.4065934065934066
BG-1001,0.089005575,0.36549848,0.10589410589410589,0.029970029970029972
SA-1459234,0.0888703,0.12414932,0.000999000999000999,0.025974025974025976
HA-1004,0.08844575,0.11114533,0.001998001998001998,0.06493506493506493
rotenone,0.08830352,0.1396811,0.000999000999000999,0.005994005994005994
KU-C103884,0.08791885,0.049890548,0.01098901098901099,0.3066933066933067
docetaxel,0.08791356,0.046295796,0.000999000999000999,0.2217782217782218
SKF-86002,0.087683424,0.06633094,0.002997002997002997,0.17582417582417584
PJ-34,0.08697816,0.0144336,0.000999000999000999,0.3986013986013986
propoxycaine,0.08696889,0.027959079,0.000999000999000999,0.31368631368631367
VU-0403126,0.086857036,0.010877624,0.012987012987012988,0.44555444555444557
n-acetyl-l-leucine,0.08604599,0.0057564825,0.029970029970029972,0.4825174825174825
givinostat,0.085663654,0.15197518,0.005994005994005994,0.055944055944055944
ML-7,0.085580826,0.037523568,0.000999000999000999,0.3006993006993007
nafcillin,0.08469325,0.003307581,0.000999000999000999,0.45754245754245754
5-aminolevulinic-acid,0.084487334,0.026598066,0.003996003996003996,0.3836163836163836
phenylbutazone,0.08435859,0.018823402,0.000999000999000999,0.3626373626373626
selegiline,0.08431572,0.053487115,0.000999000999000999,0.13186813186813187
ST-001903,0.08275522,0.10349803,0.004995004995004995,0.07592407592407592
RAN-07,0.08258338,0.011744171,0.000999000999000999,0.4025974025974026
SA-1973509,0.08156693,0.010763824,0.002997002997002997,0.4275724275724276
SA-1472702,0.081364885,0.043394297,0.000999000999000999,0.22977022977022976
kavain,0.08125968,0.042213023,0.000999000999000999,0.18681318681318682
rifapentine,0.08118764,0.016180951,0.000999000999000999,0.3836163836163836
Merck60,0.08118139,0.031045526,0.008991008991008992,0.2977022977022977
LY-165163,0.08099996,0.03500378,0.000999000999000999,0.25874125874125875
methoxypyruvic-acid,0.080468595,0.22456872,0.015984015984015984,0.00999000999000999
pancuronium,0.079431206,0.0046892166,0.004995004995004995,0.4695304695304695
equol,0.07927014,0.004715573,0.000999000999000999,0.4725274725274725
YS-035,0.07879507,0.17994657,0.000999000999000999,0.01098901098901099
ICI-199441,0.07865557,0.070449725,0.000999000999000999,0.14285714285714285
CI-976,0.0780687,0.09200589,0.000999000999000999,0.04195804195804196
KDM-096,0.07779189,0.07703063,0.04895104895104895,0.26873126873126874
levonorgestrel,0.07754231,0.03633988,0.001998001998001998,0.26073926073926074
U-99194,0.07742468,0.0027809814,0.001998001998001998,0.46253746253746253
mestanolone,0.07731367,0.16825917,0.00999000999000999,0.03896103896103896
penciclovir,0.07692442,0.0728371,0.003996003996003996,0.1258741258741259
SB-200646,0.07677796,0.06569339,0.000999000999000999,0.12987012987012986
lawsone,0.0762909,0.024780907,0.002997002997002997,0.35064935064935066
BMS-754807,0.07626781,0.007541597,0.007992007992007992,0.4825174825174825
thiazolopyrimidine,0.07592491,0.030366264,0.000999000999000999,0.21678321678321677
rimantadine,0.07580389,0.053818345,0.002997002997002997,0.1928071928071928
bethanechol,0.07576088,0.051591218,0.004995004995004995,0.1978021978021978
vincristine,0.07550749,0.17365009,0.016983016983016984,0.025974025974025976
ritonavir,0.075089425,0.26217288,0.000999000999000999,0.000999000999000999
FU-JMBII227B,0.07457877,0.059099227,0.005994005994005994,0.2127872127872128
zalcitabine,0.07412464,0.031607635,0.000999000999000999,0.29270729270729273
flumetasone,0.07409774,0.18683416,0.000999000999000999,0.000999000999000999
brivanib,0.07383274,0.0018188879,0.000999000999000999,0.4565434565434565
prenylamine,0.073775515,0.039766252,0.0989010989010989,0.3836163836163836
6-nitronorepinephrine,0.07358309,0.059996016,0.04395604395604396,0.28771228771228774
FU-JMBII113B,0.07235962,0.20288293,0.008991008991008992,0.003996003996003996
HU-211,0.072106734,0.08113797,0.00999000999000999,0.14885114885114886
SIB-1553A,0.07198123,0.20101781,0.04095904095904096,0.03796203796203796
SA-1938421,0.0718096,0.06508176,0.001998001998001998,0.16283716283716285
KUC111109N,0.07166929,0.07038957,0.000999000999000999,0.012987012987012988
ipidacrine,0.071447305,0.042728424,0.014985014985014986,0.3066933066933067
GR-144053,0.07105313,0.08134289,0.001998001998001998,0.1048951048951049
antimycin-a,0.07030447,0.045210913,0.005994005994005994,0.23776223776223776
westcort,0.06921825,0.021578759,0.02197802197802198,0.4005994005994006
glafenine,0.06920444,0.06836411,0.08191808191808192,0.3176823176823177
SD-6-035-A12,0.06887625,0.10827751,0.002997002997002997,0.03196803196803197
talniflumate,0.06879802,0.02687183,0.007992007992007992,0.34465534465534464
STOCK1S-03920,0.068742566,0.093656816,0.008991008991008992,0.0999000999000999
pargyline,0.068461925,0.074967325,0.001998001998001998,0.06893106893106893
ipriflavone,0.06776806,0.047749255,0.008991008991008992,0.2677322677322677
curcumin,0.06770696,0.036346927,0.000999000999000999,0.14485514485514486
pilocarpine,0.06757229,0.004747917,0.017982017982017984,0.4935064935064935
TCB2,0.06719334,0.079426676,0.005994005994005994,0.10589410589410589
gefitinib,0.06665975,0.03041333,0.000999000999000999,0.20279720279720279
RS-45041-190,0.066453114,0.046655186,0.002997002997002997,0.22577422577422576
clinafloxacin,0.06632887,0.105771236,0.053946053946053944,0.18981018981018982
SA-1457810,0.06613475,0.0021495046,0.03696303696303696,0.4965034965034965
mianserin,0.065990075,0.030265713,0.000999000999000999,0.2807192807192807
oxolamine,0.06579929,0.20891759,0.057942057942057944,0.027972027972027972
parbendazole,0.06549169,0.07297991,0.001998001998001998,0.1008991008991009
prothionamide,0.06520721,0.034776747,0.006993006993006993,0.3026973026973027
pyrantel,0.064832345,0.1805874,0.12987012987012986,0.1048951048951049
azauridine,0.06446398,0.022174358,0.01998001998001998,0.4005994005994006
bromfenac,0.06420137,0.03155355,0.016983016983016984,0.3356643356643357
SR-12813,0.06381266,0.026278548,0.08091908091908091,0.3866133866133866
U0126,0.063591525,0.08815025,0.030969030969030968,0.1918081918081918
K1448,0.063299954,0.23698771,0.06393606393606394,0.024975024975024976
lomifylline,0.06290438,0.17280738,0.06693306693306693,0.059940059940059943
acetohydroxamic-acid,0.062795796,0.051874183,0.03396603396603397,0.24875124875124874
alvespimycin,0.061684556,0.12267921,0.052947052947052944,0.1048951048951049
SCH-58261,0.06148167,0.015670493,0.024975024975024976,0.4385614385614386
benzatropine,0.061192624,0.07003793,0.023976023976023976,0.18981018981018982
vanillyl-glycol,0.061025918,0.19323783,0.059940059940059943,0.03296703296703297
varenicline,0.061007634,0.005753517,0.03496503496503497,0.4785214785214785
apramycin,0.060493506,0.068275064,0.0959040959040959,0.2887112887112887
loperamide,0.05993431,0.048728287,0.005994005994005994,0.1938061938061938
KU-C104129,0.059260275,0.03535667,0.028971028971028972,0.35264735264735264
GANT-58,0.059057616,0.08548346,0.000999000999000999,0.027972027972027972
ARG-CSC-81,0.05858306,0.097192526,0.04195804195804196,0.13986013986013987
W-12,0.058415942,0.017578451,0.07792207792207792,0.4385614385614386
hyperforin,0.057846285,0.018902734,0.027972027972027972,0.4255744255744256
VU-0402604,0.057751283,0.037409782,0.017982017982017984,0.27972027972027974
ARG-CSC2-23,0.05723851,0.043746576,0.02097902097902098,0.2677322677322677
TW-37,0.057196334,0.15160617,0.10989010989010989,0.09490509490509491
tibolone,0.056990203,0.013204031,0.11888111888111888,0.45454545454545453
megestrol-acetate,0.05654714,0.22119665,0.04195804195804196,0.008991008991008992
medrysone,0.05630058,0.17076555,0.001998001998001998,0.000999000999000999
raltitrexed,0.056263182,0.009507179,0.02197802197802198,0.44455544455544455
GR-79236,0.056072026,0.123799816,0.002997002997002997,0.011988011988011988
EMF-sumo1-10,0.055867117,0.05204408,0.001998001998001998,0.11988011988011989
VU-0415535-1,0.055725694,0.10001678,0.04195804195804196,0.12987012987012986
ethaverine,0.05567082,0.009962577,0.11288711288711288,0.47652347652347654
vardenafil,0.055471916,0.019907352,0.001998001998001998,0.3676323676323676
AT-CSC-18,0.055240512,0.037778378,0.04795204795204795,0.3256743256743257
KU-C103671,0.054645885,0.07609162,0.026973026973026972,0.15484515484515485
RG-13022,0.0545646,0.0006271973,0.006993006993006993,0.4935064935064935
mercaptopurine,0.054547984,0.010094978,0.02097902097902098,0.48151848151848153
ZK-93426,0.054406904,0.04829058,0.00999000999000999,0.2217782217782218
GR-32191,0.05389541,0.030935705,0.030969030969030968,0.28771228771228774
medroxyprogesterone,0.053582735,0.14379397,0.04095904095904096,0.024975024975024976
SA-1458487,0.05322978,0.0894417,0.058941058941058944,0.12687312687312688
LY-278584,0.053078085,0.055812404,0.007992007992007992,0.14485514485514486
felbamate,0.05306651,0.004503876,0.000999000999000999,0.45854145854145856
dopamine,0.05278255,0.025647841,0.003996003996003996,0.2787212787212787
brimonidine,0.052682776,0.026898645,0.00999000999000999,0.2957042957042957
TUL_XIX003,0.052634228,0.0045977905,0.08391608391608392,0.4745254745254745
oxamflatin,0.05260863,0.4433009,0.3156843156843157,0.06393606393606394
GR-46611,0.050749198,0.036760278,0.007992007992007992,0.26573426573426573
1-monopalmitin,0.050522722,0.003987968,0.04695304695304695,0.46353646353646355
JAS07-006,0.049792945,0.006760802,0.1008991008991009,0.47152847152847155
ellagic-acid,0.0495829,0.030903803,0.08791208791208792,0.34165834165834164
SA-89705,0.049106758,0.052419692,0.1018981018981019,0.3166833166833167
isoliquiritigenin,0.048972417,0.11449689,0.04395604395604396,0.04395604395604396
isoflupredone-acetate,0.048762105,0.09677583,0.12187812187812187,0.15284715284715283
relcovaptan,0.048761338,0.032810606,0.04895104895104895,0.34965034965034963
SD-6-035-B3,0.04875449,0.12443358,0.008991008991008992,0.01098901098901099
CHEMBL-374350,0.048430867,0.015210602,0.02197802197802198,0.4155844155844156
BIX-02189,0.048066974,0.0028731078,0.023976023976023976,0.4805194805194805
SA-1447005,0.047774475,0.07016493,0.11988011988011989,0.23076923076923078
VU-0415108-1,0.04726323,0.071861446,0.04195804195804196,0.14085914085914086
PSH-028,0.046036422,0.0054021776,0.04795204795204795,0.4945054945054945
dinoprostone,0.04544977,0.02495706,0.011988011988011988,0.3106893106893107
rosiglitazone,0.04537669,0.018411957,0.002997002997002997,0.3176823176823177
dyclonine,0.04499387,0.03469576,0.15884115884115885,0.3906093906093906
SA-1457472,0.044907458,0.047288284,0.055944055944055944,0.23276723276723277
finasteride,0.04468032,0.058401734,0.002997002997002997,0.06693306693306693
W-13,0.04451853,0.0510049,0.03196803196803197,0.21878121878121878
ethambutol,0.04445291,0.022058576,0.04095904095904096,0.37162837162837165
SDZ-NKT-343,0.04445026,0.0033196956,0.024975024975024976,0.45554445554445555
terbinafine,0.044416375,0.033179954,0.04095904095904096,0.2957042957042957
xylazine,0.044334617,0.13662021,0.024975024975024976,0.005994005994005994
SA-419172,0.04407291,0.06324498,0.058941058941058944,0.22677322677322678
butamben,0.043951735,0.06202533,0.2137862137862138,0.34965034965034963
IDAM,0.043761052,0.020265698,0.16183816183816183,0.41058941058941056
ST-014366,0.04322751,0.029312365,0.061938061938061936,0.3356643356643357
GTP-14564,0.043202344,0.03956811,0.03896103896103896,0.3026973026973027
MLN-8054,0.04319211,0.05094815,0.002997002997002997,0.12387612387612387
6-nitrodopamine,0.04316066,0.08640823,0.11788211788211789,0.2047952047952048
KF-38789,0.042811543,0.17387532,0.11288711288711288,0.022977022977022976
spironolactone,0.042469196,0.020026565,0.013986013986013986,0.35764235764235763
glycopyrrolate,0.04226379,0.14301881,0.016983016983016984,0.004995004995004995
FU-JMBII105B,0.040755305,0.05178702,0.08591408591408592,0.26073926073926074
raltegravir,0.040547997,0.12692533,0.04095904095904096,0.027972027972027972
valyltryptophan,0.040312164,0.030461133,0.04895104895104895,0.32367632367632365
isoreserpine,0.039862417,0.09603651,0.03996003996003996,0.07692307692307693
doxapram,0.039651845,0.03611143,0.09290709290709291,0.33266733266733267
GW-501516,0.039494723,0.12621115,0.07092907092907093,0.03896103896103896
linifanib,0.0392778,0.08597572,0.058941058941058944,0.0989010989010989
vindesine,0.039232865,0.25515866,0.2017982017982018,0.014985014985014986
SC-9,0.038355775,0.032420307,0.04995004995004995,0.2957042957042957
erythromycin,0.038319297,0.008616671,0.015984015984015984,0.41358641358641357
depudecin,0.03828787,0.00047840178,0.07892107892107893,0.5054945054945055
ropivacaine,0.037629377,0.082588166,0.0899100899100899,0.12187812187812187
dorzolamide,0.03755123,0.021812685,0.24375624375624375,0.42657342657342656
timolol,0.037415117,0.09862239,0.03196803196803197,0.01998001998001998
scopolamine,0.036738858,0.0067025186,0.007992007992007992,0.4275724275724276
AC-55649,0.03657397,0.05743599,0.05094905094905095,0.15584415584415584
mocimycin,0.036567435,0.19765475,0.09490509490509491,0.004995004995004995
dihydrocapsaicin,0.03655821,0.08799408,0.17382617382617382,0.18081918081918083
lavendustin-c,0.03612598,0.009340122,0.08091908091908091,0.44755244755244755
BG-1005,0.0360692,0.5045579,0.3756243756243756,0.04895104895104895
SA-101686,0.035833243,0.096987754,0.16883116883116883,0.16983016983016982
theophylline,0.035819903,0.017009523,0.06893106893106893,0.3956043956043956
KU-C104142,0.035754636,0.0039630234,0.14085914085914086,0.4725274725274725
nefopam,0.0356015,0.050501943,0.09290709290709291,0.24175824175824176
L-690330,0.035486024,0.053649142,0.05094905094905095,0.17882117882117882
terreic-acid-(-),0.03529016,0.13963723,0.11388611388611389,0.017982017982017984
methylnorlichexanthone,0.035007365,0.099288456,0.17282717282717283,0.16783216783216784
piperacetazine,0.034740087,0.017606333,0.07392607392607392,0.36863136863136864
isorotenone,0.03470069,0.21043411,0.10789210789210789,0.001998001998001998
adapalene,0.034533832,0.05874668,0.21478521478521478,0.2647352647352647
VU-0420364-1,0.03431254,0.014947787,0.1978021978021978,0.44455544455544455
KU-C103420N,0.033933014,0.20439512,0.11188811188811189,0.002997002997002997
celastrol,0.032966226,0.024567932,0.1028971028971029,0.37462537462537465
oxalomalic-acid,0.03293848,0.03979528,0.17582417582417584,0.33266733266733267
YL-52,0.032852232,0.036670804,0.11888111888111888,0.3206793206793207
usnic-acid,0.032018036,0.029755272,0.17282717282717283,0.36863136863136864
indinavir,0.0319749,0.15048517,0.17182817182817184,0.03596403596403597
coumestrol,0.03191403,0.060710397,0.11288711288711288,0.16883116883116883
vinpocetine,0.031624302,0.08540009,0.04895104895104895,0.028971028971028972
mosapride,0.030938057,0.02577877,0.17082917082917082,0.3886113886113886
SD-6-035-A6,0.030821595,0.008871354,0.14585414585414586,0.4595404595404595
NVP-BGJ398,0.030765649,0.029015446,0.11288711288711288,0.32167832167832167
ZM-447439,0.030645594,0.003773028,0.01098901098901099,0.46353646353646355
ZM-241385,0.029819094,0.17839737,0.13686313686313686,0.004995004995004995
SB-216763,0.029727478,0.02404502,0.0979020979020979,0.3226773226773227
fluticasone-propionate,0.029177034,0.10703993,0.0999000999000999,0.03996003996003996
TUL-XVIII076,0.029097706,0.025271997,0.1048951048951049,0.33666333666333664
hydrocortisone,0.029069234,0.13494816,0.04495504495504495,0.001998001998001998
IC-261,0.0289507,0.111370146,0.18281718281718282,0.06693306693306693
YL-62,0.028456785,0.028813481,0.17882117882117882,0.34165834165834164
MK-1775,0.028131545,0.10271257,0.14085914085914086,0.07392607392607392
O-2050,0.02723959,0.084284216,0.16983016983016982,0.15184815184815184
Ro-10-5824,0.027016168,0.011851896,0.12287712287712288,0.4005994005994006
oleoylethanolamide,0.026939476,0.03281332,0.09490509490509491,0.27172827172827174
orciprenaline,0.026602648,0.008561265,0.09290709290709291,0.44955044955044954
KU-C103658,0.026173025,0.14752941,0.19080919080919082,0.04395604395604396
fluocinonide,0.025895849,0.019814229,0.18981018981018982,0.3756243756243756
EMF-BCA1-64,0.0257761,0.020523306,0.07192807192807193,0.34465534465534464
rescinnamine,0.025694277,0.036317103,0.13286713286713286,0.2887112887112887
aminohippuric-acid,0.024960093,0.13121888,0.32367632367632365,0.16983016983016982
SR-147778,0.024690174,0.39669102,0.3086913086913087,0.002997002997002997
molsidomine,0.024557523,0.076514125,0.1258741258741259,0.08791208791208792
goserelin,0.024482556,0.16131765,0.18681318681318682,0.012987012987012988
SA-1920890,0.024443649,0.058069468,0.20279720279720279,0.23776223776223776
MW-SHH-54,0.024022847,0.037345678,0.057942057942057944,0.17682317682317683
nilotinib,0.02394746,0.010652065,0.055944055944055944,0.3856143856143856
barasertib-HQPA,0.023464724,0.03559745,0.016983016983016984,0.1258741258741259
clofazimine,0.023409314,0.12748745,0.23076923076923078,0.060939060939060936
zolantidine,0.02324042,0.019312624,0.16483516483516483,0.4145854145854146
NK42-I-109-1,0.023188215,0.09672749,0.1918081918081918,0.08091908091908091
AT1-SHH-09,0.02265118,0.027939066,0.026973026973026972,0.15884115884115885
STO-609,0.022378823,0.10738567,0.21178821178821178,0.09490509490509491
proxymetacaine,0.022134122,0.012366153,0.0999000999000999,0.40559440559440557
totaralolal,0.022096585,0.14834905,0.1838161838161838,0.01898101898101898
FU-JMBII127B,0.021952119,0.10827555,0.25274725274725274,0.1108891108891109
epoxycholesterol,0.021703297,0.0686663,0.18181818181818182,0.15884115884115885
cyanocobalamin,0.021551963,0.09916048,0.31868131868131866,0.22577422577422576
cortisol,0.02134274,0.17701149,0.34665334665334663,0.0969030969030969
fillalbin,0.021219213,0.15501189,0.1918081918081918,0.006993006993006993
prostaglandin-b2,0.020773731,0.07812992,0.1928071928071928,0.0999000999000999
memantine,0.020020228,0.037291303,0.20679320679320679,0.2727272727272727
SDZ-WAG-994,0.019955082,0.055585876,0.2517482517482518,0.24575424575424576
isosalsoline,0.01979075,0.061255377,0.2917082917082917,0.26373626373626374
SA-441092,0.019585911,0.09998111,0.2817182817182817,0.11388611388611389
CS-2092524,0.01943107,0.15400806,0.25574425574425574,0.014985014985014986
halcinonide,0.019209348,0.20629889,0.20679320679320679,0.001998001998001998
T-5345967,0.018666469,0.028775543,0.1108891108891109,0.22677322677322678
epothilone,0.018628856,0.091297805,0.24175824175824176,0.1028971028971029
sulpiride,0.018204305,0.03989266,0.3436563436563437,0.3546453546453546
RS-56812,0.01803599,0.1296853,0.2907092907092907,0.08391608391608392
epiandrosterone,0.017097533,0.07847887,0.3776223776223776,0.23176823176823177
ingenol,0.01705268,0.18781617,0.36663336663336665,0.04295704295704296
sulindac,0.016811855,0.011877749,0.13786213786213786,0.3776223776223776
KU-C104230,0.016795302,0.029766023,0.3356643356643357,0.36163836163836166
diosmin,0.016757146,0.11108391,0.34265734265734266,0.2037962037962038
SA-1922006,0.016647602,0.030150652,0.2837162837162837,0.37162837162837165
MW-A1-6,0.016531726,0.015780509,0.23576423576423577,0.3826173826173826
JNJ-26481585,0.015825626,0.0104962215,0.31868131868131866,0.4755244755244755
omeprazole,0.01576481,0.04152119,0.17582417582417584,0.16783216783216784
SA-1460110,0.014962189,0.087419346,0.2957042957042957,0.08791208791208792
lamivudine,0.01477905,0.033198167,0.24275724275724275,0.2727272727272727
IBC-293,0.014403384,0.08942175,0.2787212787212787,0.0979020979020979
acetylcholine,0.014330819,0.13804895,0.32867132867132864,0.07492507492507493
BG-1019,0.014273545,0.033498146,0.35764235764235763,0.36363636363636365
nortriptyline,0.014186773,0.03865672,0.3146853146853147,0.31368631368631367
GW-6471,0.014155,0.0813288,0.24375624375624375,0.0979020979020979
tosufloxacin,0.013389796,0.040082484,0.3336663336663337,0.32167832167832167
atractyloside,0.012253248,0.1344693,0.3886113886113886,0.14285714285714285
veliparib,0.012031488,0.0016275533,0.22477522477522477,0.46153846153846156
sulfachlorpyridazine,0.011376586,0.068819046,0.4035964035964036,0.3016983016983017
APHA-compound-8,0.010309997,0.024783773,0.4245754245754246,0.4485514485514486
probucol,0.009679226,0.09966387,0.3546453546453546,0.03896103896103896
linoleamide,0.009434022,0.0011895299,0.35064935064935066,0.5094905094905094
WZ-4002,0.009034291,0.03476742,0.26173826173826176,0.22677322677322678
orphenadrine,0.008881079,0.055890806,0.36363636363636365,0.2017982017982018
xaliproden,0.008640113,0.015650734,0.3866133866133866,0.42157842157842157
SA-1920013,0.008534649,0.0033927746,0.37462537462537465,0.5014985014985015
7-nitroindazole,0.007939003,0.05630809,0.32867132867132864,0.1048951048951049
BI-78D3,0.0074745268,0.10621588,0.4065934065934066,0.08191808191808192
UCL-2077,0.006498043,0.015021237,0.36363636363636365,0.4085914085914086
idebenone,0.00643073,0.07834074,0.4065934065934066,0.12187812187812187
SA-1922111,0.00636068,0.00842306,0.44255744255744256,0.4945054945054945
alcuronium,0.0056723356,0.2904705,0.45554445554445555,0.013986013986013986
10H-phenothiazin-10-yl)(p-tolyl)methanone,0.0056162775,0.3202623,0.42957042957042957,0.001998001998001998
Gly-Gly-PALO,0.0050004274,0.005763285,0.4065934065934066,0.45754245754245754
ON-01910,0.004984021,0.05035293,0.4195804195804196,0.2177822177822178
folic-acid,0.0045103766,0.079431646,0.45554445554445555,0.2677322677322677
MW-SHH-97,0.0044646077,0.005334161,0.35864135864135865,0.45454545454545453
temefos,0.004391296,0.024926126,0.4065934065934066,0.32967032967032966
MNITMT,0.004107788,0.06393056,0.44255744255744256,0.13286713286713286
VU-0365121-1,0.0040944517,0.26704115,0.4595404595404595,0.002997002997002997
chloropyramine,0.004077688,0.066042475,0.47952047952047955,0.3016983016983017
UK-356618,0.0039417893,0.030711869,0.4355644355644356,0.3226773226773227
SA-424589,0.0037917458,0.124144375,0.43956043956043955,0.04895104895104895
AVA,0.003718255,0.09073826,0.4205794205794206,0.04095904095904096
alendronic-acid,0.0036694985,0.18458143,0.4485514485514486,0.014985014985014986
thiamine,0.00339875,0.22135998,0.48951048951048953,0.024975024975024976
avrainvillamide-analog-3,0.0033336114,0.0009176694,0.4515484515484515,0.4675324675324675
GSK-429286A,0.0031883002,0.025899898,0.4005994005994006,0.3066933066933067
bicuculline,0.003169775,0.10783961,0.4355644355644356,0.1008991008991009
SA-1922927,0.0030779038,0.034252036,0.44655344655344653,0.3026973026973027
raclopride,0.0029616058,0.057143025,0.43656343656343655,0.12787212787212787
KU-C104255,0.002871517,0.13362393,0.4485514485514486,0.04695304695304695
SA-1459172,0.0027571581,0.051938415,0.4565434565434565,0.23876123876123875
flufenamic-acid,0.0022605304,0.045920413,0.4645354645354645,0.31868131868131866
L-erythro-MAPP,0.002023548,0.12468128,0.46153846153846156,0.04295704295704296
sulfamonomethoxine,0.0018745288,0.079118654,0.47652347652347654,0.2677322677322677
KU-C104145,0.0011772662,0.04953693,0.5154845154845155,0.2937062937062937
ampicillin,0.0011311388,0.11076103,0.4955044955044955,0.024975024975024976
masitinib,0.0009169169,0.0020928718,0.4725274725274725,0.4975024975024975
norepinephrine,0.0007081032,0.022558063,0.45554445554445555,0.37362637362637363
SA-85290,0.00033096224,0.062265746,0.47352647352647353,0.24875124875124874
NSC-632839,3.837794e-05,0.11413609,0.5104895104895105,0.1928071928071928
tosyllysyl-chloromethyl-ketone,4.2170286e-06,0.074910924,0.5174825174825175,0.1108891108891109
