mechanism_class,n_in_library,n_principled,rate_in,rate_out,odds_ratio,p,padj
Tubulin inhibitor,16,5,0.3125,0.07164790174002048,5.8896103896103895,0.004427399498399622,0.053128793980795466
ATP1A1 target,4,2,0.5,0.07237512742099898,12.816901408450704,0.028813767174071428,0.17288260304442857
ATPase inhibitor,10,2,0.2,0.07252298263534218,3.1971830985915495,0.1620245248018519,0.4880430630663469
Proteasome inhibitor,3,1,0.3333333333333333,0.07269021739130435,6.378504672897196,0.20335127627764457,0.4880430630663469
Aromatase inhibitor,3,1,0.3333333333333333,0.07269021739130435,6.378504672897196,0.20335127627764457,0.4880430630663469
DNA methyltransferase inhibitor,4,1,0.25,0.072714916751614,4.250778816199377,0.26153044597883557,0.5230608919576711
HDAC inhibitor,18,2,0.1111111111111111,0.07272106520996928,1.5938967136150235,0.3822478468604624,0.6552820231893641
CDK inhibitor,11,1,0.09090909090909091,0.07288828337874659,1.2719626168224298,0.5660230005558601,0.75469733407448
Topoisomerase inhibitor,11,1,0.09090909090909091,0.07288828337874659,1.2719626168224298,0.5660230005558601,0.75469733407448
Kinase inhibitor (any),76,5,0.06578947368421052,0.07314524555903866,0.892354124748491,0.661483909801079,0.7937806917612947
HSP inhibitor,6,0,0.0,0.0731043862631758,0.0,1.0,1.0
Cardiac glycoside (Hub moa),1,0,0.0,0.07298031228784793,0.0,1.0,1.0
