mechanism_class,n_in_library,n_dual,rate_in,rate_out,odds_ratio,p,padj
HDAC inhibitor,18,12,0.6666666666666666,0.2919085011949471,4.851461988304093,0.0011417056957440696,0.013700468348928834
HSP inhibitor,6,5,0.8333333333333334,0.29309758585515133,12.059164733178655,0.009913560420268938,0.05948136252161362
Proteasome inhibitor,3,2,0.6666666666666666,0.2938179347826087,4.806936416184971,0.20864255591241984,0.5795044915724301
Kinase inhibitor (any),76,26,0.34210526315789475,0.29292929292929293,1.2551724137931035,0.20985528093544364,0.5795044915724301
Cardiac glycoside (Hub moa),1,1,1.0,0.2939579090291921,inf,0.29419748897183573,0.5795044915724301
Tubulin inhibitor,16,6,0.375,0.2937563971340839,1.4425087108013936,0.32089516916452804,0.5795044915724301
ATP1A1 target,4,2,0.5,0.2939177709819912,2.4023121387283237,0.33804428675058423,0.5795044915724301
ATPase inhibitor,10,3,0.3,0.2941777323799796,1.0282738095238095,0.6018864141086175,0.807090604079703
Aromatase inhibitor,3,1,0.3333333333333333,0.29415760869565216,1.199769053117783,0.6485486709095979,0.807090604079703
CDK inhibitor,11,3,0.2727272727272727,0.29427792915531337,0.8993055555555556,0.6725755033997525,0.807090604079703
DNA methyltransferase inhibitor,4,1,0.25,0.2942575603126062,0.7994611239414935,0.7520501322959358,0.8204183261410208
Topoisomerase inhibitor,11,2,0.18181818181818182,0.2946185286103542,0.532048811817598,0.8795306380334778,0.8795306380334779
