true_name,hcc_score,cvd_score,cad_score,n_sig,has_name,pubchem,joint_cvd,joint_cad,pert_id,pert_iname,is_touchstone
ER-27319,1.6314101,0.031521946,-1.1180813,18,True,9799509,1.662932,0.5133288,BRD-K11927976,ER-27319,1
JNJ-7706621,1.5419436,0.01578924,-0.89348066,16,True,5330790,1.5577328,0.6484629,BRD-K11636097,JNJ-7706621,1
JAK3-inhibitor-VI,1.1634331,0.06577408,-0.26136255,19,True,9947841,1.2292072,0.9020705,BRD-K04546108,JAK3-inhibitor-VI,1
belinostat,0.7380085,0.2825306,-0.42805076,25,True,6918638,1.020539,0.30995774,BRD-K17743125,belinostat,1
VU-0418947-2,0.7136805,0.29679143,-0.017276652,12,True,46742354,1.0104719,0.69640386,BRD-K76907295,VU-0418947-2,1
AT-7519,0.9394014,0.031615257,-0.59614897,63,True,11338033,0.97101665,0.34325242,BRD-K13390322,AT-7519,1
ryuvidine,0.7183604,0.20906031,-0.4629614,26,True,481747,0.92742074,0.25539902,BRD-K06426971,ryuvidine,1
z-leu3-VS,0.7322659,0.19322678,-0.34051162,7,True,5497183,0.92549264,0.39175427,BRD-K15935639,z-leu3-VS,1
NSC-3852,0.71567774,0.19641997,-0.25559646,24,True,19103,0.9120977,0.46008128,BRD-K13169950,NSC-3852,1
PCI-24781,0.6727882,0.18088414,-0.28580254,19,True,11749858,0.8536723,0.38698566,BRD-K12867552,PCI-24781,1
SCH-79797,0.6981117,0.15206534,-0.11482802,46,True,4259181,0.85017705,0.58328366,BRD-K17140735,SCH-79797,1
NCH-51,0.59826696,0.2512445,-0.3767897,17,True,11395181,0.84951144,0.22147727,BRD-K52522949,NCH-51,1
heliomycin,0.51350814,0.3089718,-0.0016184002,11,True,5282060,0.82247996,0.51188976,BRD-K64517075,heliomycin,1
panobinostat,0.7105467,0.103001535,-0.23757766,170,True,6918837,0.8135482,0.472969,BRD-K02130563,panobinostat,1
mocetinostat,0.67663133,0.13270557,-0.49356908,17,True,9865515,0.8093369,0.18306226,BRD-K16485616,mocetinostat,1
VU-0418946-1,0.5491985,0.23652121,-0.03192568,29,True,46742353,0.78571975,0.51727283,BRD-K44432556,VU-0418946-1,1
sarmentogenin,0.6862018,0.033979386,0.050468355,8,True,6708600,0.7201812,0.73667014,BRD-A89434049,sarmentogenin,1
disulfiram,0.38421038,0.30449292,0.03577763,14,True,3117,0.6887033,0.419988,BRD-K32744045,disulfiram,1
PD-407824,0.49677512,0.17289811,-0.18651716,27,True,4369491,0.6696732,0.31025797,BRD-K82823804,PD-407824,1
pyrvinium-pamoate,0.5973723,0.060582623,0.10485418,74,True,73707397,0.65795493,0.70222646,BRD-M86331534,pyrvinium-pamoate,1
auranofin,0.6215215,0.00049511343,-0.2014016,86,True,0,0.6220166,0.42011988,BRD-A79465854,auranofin,1
amonafide,0.4816036,0.123212874,0.059733257,15,True,50515,0.60481644,0.54133683,BRD-K56334280,amonafide,1
torin-1,0.49653018,0.10226249,-0.15633407,72,True,49836027,0.5987927,0.3401961,BRD-K40175214,torin-1,1
SN-38,0.59454113,0.0015547872,-0.15782836,95,True,4014291,0.5960959,0.43671277,BRD-A36630025,SN-38,1
malonoben,0.4023894,0.19133729,0.025594532,31,True,16759147,0.5937267,0.42798394,BRD-K38477985,malonoben,1
AS-601245,0.47409403,0.0780831,-0.24197473,64,True,10109823,0.55217713,0.2321193,BRD-A60245366,AS-601245,1
PD-198306,0.45629677,0.08466683,-0.11413333,19,True,9956637,0.5409636,0.34216344,BRD-K88677950,PD-198306,1
IKK-2-inhibitor-V,0.3590803,0.17601794,-0.008648336,89,True,5081913,0.53509825,0.35043198,BRD-K74305673,IKK-2-inhibitor-V,1
torin-2,0.4207145,0.092156485,-0.16001767,66,True,51358113,0.51287097,0.26069683,BRD-K68174511,torin-2,1
1-phenylbiguanide,0.24167004,0.2695803,-0.058415204,9,True,4780,0.5112504,0.18325484,BRD-K31491153,1-phenylbiguanide,1
thiostrepton,0.37914395,0.1279158,-0.11748153,47,True,16129995,0.50705975,0.26166242,BRD-A20697603,thiostrepton,1
CD-437,0.4782958,0.018606424,-0.0011412688,95,True,135411,0.49690223,0.47715452,BRD-K28907958,CD-437,1
YM-155,0.3711638,0.11435419,-0.05080138,73,True,10126189,0.48551798,0.3203624,BRD-K24681473,YM-155,1
clotrimazole,0.43323117,0.045691043,-0.048684552,14,True,2812,0.47892222,0.38454664,BRD-K15916496,clotrimazole,1
methandriol,0.43514606,0.036481097,-0.31139266,11,True,229021,0.47162718,0.1237534,BRD-K88679075,methandriol,1
mycophenolate-mofetil,0.3716741,0.09955057,-0.1145228,19,True,5281078,0.47122467,0.2571513,BRD-K92428153,mycophenolate-mofetil,1
HC-toxin,0.35075146,0.113208786,-0.05349271,26,True,3571,0.46396023,0.29725873,BRD-A39646320,HC-toxin,1
NNC-55-0396,0.44685602,0.015948445,-0.17234506,31,True,9957280,0.46280447,0.27451098,BRD-K78122587,NNC-55-0396,1
iodoacetic-acid,0.22844753,0.22533983,-0.15217124,11,True,5240,0.45378736,0.07627629,BRD-K88868628,iodoacetic-acid,1
ISOX,0.24496306,0.20384654,-0.025704078,65,True,24951314,0.44880962,0.219259,BRD-K69840642,ISOX,1
narciclasine,0.32262254,0.12618089,0.23018593,90,True,72376,0.44880342,0.55280846,BRD-K06792661,narciclasine,1
BCI-hydrochloride,0.21472353,0.23193978,-0.13226934,25,True,5475586,0.44666332,0.08245419,BRD-A11007541,BCI-hydrochloride,1
avrainvillamide-analog-2,0.35021392,0.0948932,-0.045556664,44,True,73707608,0.4451071,0.30465725,BRD-K42573370,avrainvillamide-analog-2,1
strophanthidin,0.4113468,0.02483499,0.1802442,31,True,6185,0.43618178,0.591591,BRD-K84595254,strophanthidin,1
WT-171,0.25728002,0.17646158,-0.03368242,17,True,44601455,0.4337416,0.2235976,BRD-K74761218,WT-171,1
loteprednol,0.3385545,0.09477396,-0.049869712,11,True,444025,0.43332845,0.2886848,BRD-K39983086,loteprednol,1
lomerizine,0.39477286,0.03589934,-0.03938202,11,True,13579832,0.4306722,0.35539085,BRD-K62858456,lomerizine,1
withaferin-a,0.2806141,0.14451095,-0.0660244,227,True,265237,0.42512506,0.21458972,BRD-A52193669,withaferin-a,1
flavokavain-b,0.22845398,0.19652072,-0.1775911,19,True,5356121,0.42497468,0.05086288,BRD-K30296925,flavokavain-b,1
cinobufagin,0.41416192,0.0022467077,0.16684692,17,True,23947601,0.41640863,0.58100885,BRD-A80502530,cinobufagin,1
PU-H71,0.21484318,0.19917083,-0.20574003,18,True,9549213,0.414014,0.009103149,BRD-K36529613,PU-H71,1
halometasone,0.3156467,0.09694028,0.04025419,11,True,9846332,0.412587,0.35590088,BRD-K33312228,halometasone,1
BIIB-021,0.37128317,0.0398,-0.20659825,17,True,16736529,0.41108316,0.16468492,BRD-K51967704,BIIB-021,1
chloramphenicol,0.343055,0.06718509,-0.21832915,14,True,298,0.4102401,0.12472586,BRD-A51182606,chloramphenicol,1
tegaserod,0.22109106,0.18498366,-0.042061295,10,True,6918369,0.4060747,0.17902976,BRD-K21806131,tegaserod,1
lacidipine,0.3485238,0.053208113,0.054867506,15,True,5311217,0.4017319,0.4033913,BRD-A52282606,lacidipine,1
tyrphostin-A9,0.1895428,0.2104766,0.07340168,30,True,5614,0.4000194,0.2629445,BRD-K40255344,tyrphostin-A9,1
ZK-93423,0.2825139,0.11507405,-0.06823662,31,True,121926,0.39758795,0.21427727,BRD-K33882852,ZK-93423,1
nonoxynol-9,0.34094796,0.054711655,-0.16155018,19,True,72385,0.39565963,0.17939778,BRD-K88625236,nonoxynol-9,1
alprazolam,0.31399992,0.07724893,-0.25445902,11,True,2118,0.39124885,0.059540898,BRD-K32398298,alprazolam,1
targinine,0.31191757,0.07841336,-0.0697899,11,True,135242,0.39033094,0.24212767,BRD-K22227508,targinine,1
latanoprost,0.31190175,0.07766962,-0.105475485,11,True,5311221,0.38957137,0.20642626,BRD-K10961822,latanoprost,1
palbociclib,0.3452497,0.03421448,-0.036482573,66,True,5330286,0.3794642,0.30876714,BRD-K51313569,palbociclib,1
rolitetracycline,0.37317282,0.00427261,-0.3217268,13,True,6420073,0.37744543,0.05144602,BRD-A27489425,rolitetracycline,1
mometasone,0.19167176,0.18387167,-0.043629266,23,True,441336,0.37554342,0.1480425,BRD-K60640630,mometasone,1
taxifolin,0.34119052,0.029987454,0.03862381,22,True,439533,0.37117797,0.37981433,BRD-K94649603,taxifolin,1
sunitinib,0.19250098,0.17803428,0.07830897,18,True,73707432,0.37053525,0.27080995,BRD-M64432851,sunitinib,1
methylene-blue,0.34788963,0.015805095,-0.057468712,107,True,4139,0.36369473,0.29042092,BRD-K16406336,methylene-blue,1
quinelorane,0.32026446,0.039012924,-0.1557193,19,True,57242,0.35927737,0.16454516,BRD-K13261168,quinelorane,1
reversine,0.3569662,0.0017194226,-0.21511441,18,True,210332,0.3586856,0.14185178,BRD-K77286328,reversine,1
vicriviroc,0.16182922,0.19554636,-0.14407054,17,True,73707391,0.35737556,0.017758682,BRD-M72442222,vicriviroc,1
FCCP,0.24628869,0.10948713,0.09189254,39,True,3330,0.35577583,0.33818123,BRD-K14821540,FCCP,1
CAY-10618,0.21009286,0.14451487,-0.025355473,59,True,44819697,0.35460773,0.18473738,BRD-K83289131,CAY-10618,1
XL-147,0.3160858,0.0347417,-0.11144102,18,True,1893730,0.3508275,0.20464477,BRD-K95901403,XL-147,1
methylprednisolone,0.20444676,0.12480348,-0.21400681,13,True,6741,0.32925025,-0.009560049,BRD-K35240538,methylprednisolone,1
10H-phenothiazin-10-yl)(p-tolyl)methanone,0.005616285,0.32026228,-0.14904043,15,True,3473393,0.32587856,-0.14342415,BRD-K94919853,10H-phenothiazin-10-yl)(p-tolyl)methanone,1
oxindole-I,0.27722853,0.047757745,-0.28523046,19,True,5908088,0.32498628,-0.008001924,BRD-K51816706,oxindole-I,1
SKF-81297,0.2590379,0.06415862,-0.13678457,25,True,11957706,0.32319653,0.12225334,BRD-A09828896,SKF-81297,1
floxuridine,0.31612107,0.005974464,-0.07157098,32,True,5790,0.32209554,0.2445501,BRD-A80638690,floxuridine,1
ganciclovir,0.16780645,0.15241079,-0.10470176,15,True,3454,0.32021725,0.06310469,BRD-K22662435,ganciclovir,1
phosphodiesterase-V-inhibitor-II,0.20264848,0.11707382,-0.17167535,19,True,11003969,0.3197223,0.030973122,BRD-K68873215,phosphodiesterase-V-inhibitor-II,1
hippeastrine,0.28911924,0.028995931,-0.11057417,19,True,441594,0.31811517,0.17854507,BRD-K71003802,hippeastrine,1
nandrolone,0.21463838,0.09935191,-0.06944436,11,True,9904,0.3139903,0.14519402,BRD-K52080565,nandrolone,1
tamibarotene,0.20076829,0.11130077,-0.05373142,26,True,108143,0.31206906,0.14703688,BRD-K36627727,tamibarotene,1
mebendazole,0.10337153,0.20718104,-0.005848661,105,True,4030,0.31055257,0.09752287,BRD-K77987382,mebendazole,1
tacedinaline,0.24029191,0.06836073,-0.106907144,130,True,2746,0.30865264,0.13338476,BRD-K52313696,tacedinaline,1
parachlorophenol,0.26368192,0.04313696,-0.26947883,19,True,4684,0.30681887,-0.0057969093,BRD-K40992116,parachlorophenol,1
reichstein,0.16442084,0.14183015,0.02969516,13,True,227112,0.306251,0.194116,BRD-A56245458,reichstein,1
cerivastatin,0.20086634,0.10484883,0.030972213,11,True,23663992,0.30571517,0.23183855,BRD-K81169441,cerivastatin,1
D-64406,0.22776444,0.07629101,-0.10379907,19,True,5330535,0.30405545,0.123965375,BRD-K27665173,D-64406,1
BX-795,0.20303829,0.10022357,0.22876593,59,True,10077147,0.30326188,0.43180424,BRD-K47983010,BX-795,1
NVP-AUY922,0.2606905,0.042562157,-0.17475465,143,True,10096043,0.30325267,0.08593586,BRD-K41859756,NVP-AUY922,1
nitazoxanide,0.2603789,0.041234568,0.05210004,11,True,41684,0.30161345,0.31247893,BRD-K96471533,nitazoxanide,1
saclofen,0.213758,0.08421117,-0.009561589,19,True,122150,0.29796916,0.20419642,BRD-A24122750,saclofen,1
SNS-314,0.25502598,0.042192012,-0.16059895,17,True,24995524,0.297218,0.094427034,BRD-K71512533,SNS-314,1
ENMD-2076,0.24437968,0.05235403,-0.08587445,47,True,16041424,0.2967337,0.15850523,BRD-K68488863,ENMD-2076,1
procaterol,0.2804917,0.014697462,-0.046193004,27,True,4916,0.29518917,0.2342987,BRD-A22684332,procaterol,1
Ro-28-1675,0.2781742,0.016977936,-0.05434853,95,True,9886086,0.29515213,0.22382566,BRD-K21672174,Ro-28-1675,1
dofetilide,0.19771278,0.09743199,-0.17164305,11,True,71329,0.29514477,0.02606973,BRD-K86887724,dofetilide,1
vindesine,0.039232846,0.25515866,-0.06334907,11,True,40839,0.2943915,-0.024116222,BRD-K59753975,vindesine,1
U-0126,0.20594749,0.08641111,-0.15547484,49,True,3006531,0.2923586,0.050472647,BRD-K18787491,U-0126,1
JLK-6,0.09200758,0.19787107,-0.09622775,19,True,3803,0.28987867,-0.0042201728,BRD-K22010301,JLK-6,1
nelfinavir,0.25884524,0.02958168,-0.046335272,29,True,64142,0.28842694,0.21250996,BRD-K60460488,nelfinavir,1
GNF-2,0.21398245,0.07117346,-0.18311396,65,True,5311510,0.2851559,0.030868486,BRD-K97056771,GNF-2,1
CP-466722,0.21244223,0.07167213,-0.05589649,65,True,44551660,0.28411436,0.15654574,BRD-K15592317,CP-466722,1
mammea-a,0.17466296,0.107802,0.02017054,19,True,5748555,0.28246498,0.1948335,BRD-K92138166,mammea-a,1
KN-93,0.25487223,0.027167842,-0.09533071,19,True,5312122,0.28204006,0.15954152,BRD-K93480852,KN-93,1
tangeritin,0.23183063,0.048621655,-0.0872262,19,True,68077,0.28045228,0.14460443,BRD-K25186396,tangeritin,1
bifonazole,0.1942687,0.08533837,0.016266607,11,True,2378,0.27960706,0.21053532,BRD-A94543220,bifonazole,1
megestrol-acetate,0.056547116,0.22119668,-0.04432229,8,True,6710729,0.2777438,0.012224827,BRD-A35989968,megestrol-acetate,1
MG-132,0.183632,0.0935802,0.049880937,72,True,462382,0.2772122,0.23351294,BRD-K60230970,MG-132,1
HMN-214,0.13791305,0.13894425,0.084390365,66,True,9888590,0.27685732,0.22230342,BRD-K70511574,HMN-214,1
cyproheptadine,0.26600397,0.010327134,-0.036506582,16,True,2913,0.2763311,0.22949739,BRD-K28143534,cyproheptadine,1
JAK3-inhibitor-V,0.14441928,0.13017815,-0.23601818,19,True,3799,0.27459744,-0.0915989,BRD-K95676198,JAK3-inhibitor-V,1
ifenprodil,0.14112309,0.13257357,-0.20389935,14,True,6419987,0.27369666,-0.06277627,BRD-A24191444,ifenprodil,1
epothilone-a,0.15607765,0.11410029,-0.015428763,17,True,448799,0.27017796,0.14064889,BRD-K71823332,epothilone-a,1
J-104129,0.20260859,0.06730978,-0.058090337,19,True,9821459,0.26991838,0.14451826,BRD-K26429091,J-104129,1
HNHA,0.17837924,0.09126578,-0.04190953,18,True,16126782,0.26964504,0.1364697,BRD-K76698671,HNHA,1
elvitegravir,0.24929342,0.01975318,-0.17182998,14,True,5277135,0.2690466,0.07746343,BRD-K54472332,elvitegravir,1
artemether,0.22412187,0.040586367,0.044021726,10,True,68911,0.26470822,0.2681436,BRD-K39621635,artemether,1
flumetasone,0.07409774,0.18683416,0.01204331,38,True,5702178,0.2609319,0.08614105,BRD-A01346607,flumetasone,1
m-3M3FBS,0.24379013,0.015457928,-0.12529296,78,True,761523,0.25924808,0.11849718,BRD-K09635314,m-3M3FBS,1
YS-035,0.07879505,0.17994657,-0.083030276,19,True,6917841,0.25874162,-0.004235223,BRD-K06208435,YS-035,1
SCH-442416,0.19531089,0.061426133,-0.086514056,19,True,10668061,0.25673702,0.108796835,BRD-K46469693,SCH-442416,1
erbstatin-analog,0.20064662,0.05523172,-0.3092726,11,True,5353609,0.25587833,-0.10862596,BRD-K35573744,erbstatin-analog,1
SIB-1757,0.16814128,0.087458715,-0.052278697,19,True,6304902,0.25559998,0.11586258,BRD-K98157055,SIB-1757,1
chlordiazepoxide,0.18972561,0.064172864,-0.018305779,13,True,2712,0.25389847,0.17141983,BRD-K86595100,chlordiazepoxide,1
L-750667,0.20721593,0.045455962,-0.08930642,19,True,6603897,0.2526719,0.11790951,BRD-K28806945,L-750667,1
VU-0366037-2,0.23123126,0.020141482,0.007426163,13,True,46869941,0.25137275,0.23865741,BRD-K39823328,VU-0366037-2,1
7b-cis,0.16028684,0.0885443,-0.06594516,59,True,44589607,0.24883115,0.09434168,BRD-K61829047,7b-cis,1
quinoclamine,0.18263376,0.06502449,-0.0024317931,70,True,17748,0.24765825,0.18020196,BRD-K66792149,quinoclamine,1
SKI-II,0.23846266,0.0072105955,-0.0482648,125,True,753704,0.24567325,0.19019786,BRD-K20755323,SKI-II,1
mestanolone,0.07731365,0.16825917,0.040916167,11,True,10633,0.24557282,0.118229814,BRD-K18523449,mestanolone,1
isorotenone,0.03470075,0.21043417,0.05796183,19,True,6453092,0.24513492,0.09266258,BRD-K06198550,isorotenone,1
carbidopa,0.20019554,0.043190077,-0.14966762,35,True,2563,0.24338561,0.050527915,BRD-A69512159,carbidopa,1
salbutamol,0.2399365,0.002800569,-0.11299051,14,True,2083,0.24273707,0.12694599,BRD-A88254928,salbutamol,1
sonidegib,0.14798547,0.092907265,-0.17740573,59,True,24775005,0.24089274,-0.029420257,BRD-K19796430,sonidegib,1
GW-405833,0.22539893,0.015312537,-0.016700376,78,True,9911463,0.24071147,0.20869856,BRD-K10705233,GW-405833,1
KU-C103420N,0.033933017,0.2043951,0.12699142,13,True,44143698,0.23832811,0.16092443,BRD-A71009679,KU-C103420N,1
givinostat,0.085663654,0.1519752,-0.105941035,17,True,9804992,0.23763886,-0.020277381,BRD-K13810148,givinostat,1
mocimycin,0.03656744,0.19765475,-0.076878324,19,True,24069689,0.23422219,-0.040310886,BRD-A73605923,mocimycin,1
norgestrel,0.11606539,0.116632566,-0.10762762,23,True,5702096,0.23269796,0.008437768,BRD-A50928468,norgestrel,1
stavudine,0.16037019,0.07002525,0.03527387,26,True,18283,0.23039544,0.19564405,BRD-K93880783,stavudine,1
L-690488,0.10572265,0.12343463,-0.025255278,59,True,5132514,0.22915728,0.08046737,BRD-K69328504,L-690488,1
piceatannol,0.18719271,0.04122217,-0.02924142,59,True,4813,0.22841488,0.1579513,BRD-K26241953,piceatannol,1
avrainvillamide-analog-6,0.16713242,0.061071686,-0.01573132,48,True,73707611,0.2282041,0.1514011,BRD-K50324045,avrainvillamide-analog-6,1
pyroxamide,0.1166888,0.11110759,-0.032444343,17,True,4996,0.22779639,0.08424446,BRD-K11663430,pyroxamide,1
medrysone,0.05630064,0.17076555,-0.055346623,53,True,5702081,0.22706619,0.00095401704,BRD-A20126139,medrysone,1
KIN001-242,0.21688923,0.007304406,-0.19646609,66,True,56965963,0.22419363,0.020423144,BRD-K24859147,KIN001-242,1
tinidazole,0.16265754,0.060901135,-0.2670089,17,True,5479,0.22355868,-0.10435136,BRD-K89125793,tinidazole,1
entinostat,0.12670606,0.09371737,0.0037150383,131,True,4261,0.22042343,0.1304211,BRD-K77908580,entinostat,1
ZK-164015,0.14553885,0.07465407,0.08102073,19,True,9806489,0.22019292,0.22655958,BRD-K05151076,ZK-164015,1
flunisolide,0.19008416,0.029906552,-0.0645352,54,True,5702174,0.21999072,0.12554896,BRD-A65449987,flunisolide,1
KF-38789,0.042811528,0.17387533,0.012394533,19,True,5310849,0.21668686,0.05520606,BRD-A54927599,KF-38789,1
methapyrilene,0.14094535,0.07543832,-0.11833156,17,True,8667,0.21638367,0.022613786,BRD-K47323024,methapyrilene,1
valdecoxib,0.17277226,0.036988825,-0.09402855,69,True,119607,0.20976108,0.07874371,BRD-K12994359,valdecoxib,1
TW-37,0.05719641,0.1516062,0.07041546,57,True,11455910,0.20880261,0.12761188,BRD-K28360340,TW-37,1
ZM-241385,0.029819138,0.17839739,-0.022438213,19,True,176407,0.20821652,0.007380925,BRD-K19605405,ZM-241385,1
gamma-linolenic-acid,0.15865728,0.047746688,-0.27322397,19,True,5280933,0.20640397,-0.114566684,BRD-K18059238,gamma-linolenic-acid,1
phenelzine,0.17977694,0.026126683,-0.036205955,27,True,61100,0.20590362,0.14357099,BRD-K87024524,phenelzine,1
ingenol,0.01705265,0.18781623,0.22001433,107,True,5225086,0.20486888,0.23706698,BRD-A52650764,ingenol,1
eudesmic-acid,0.17771009,0.027009027,-0.10088916,8,True,8357,0.20471911,0.076820925,BRD-K15842202,eudesmic-acid,1
elesclomol,0.13912019,0.064471185,-0.117969275,59,True,300471,0.20359138,0.021150917,BRD-K82135108,elesclomol,1
Ro-08-2750,0.15391111,0.048756126,-0.02270194,18,True,17756791,0.20266724,0.13120918,BRD-K00486786,Ro-08-2750,1
oleanolic-acid,0.12003222,0.08097519,-0.00486381,8,True,6708573,0.20100741,0.11516841,BRD-A41112154,oleanolic-acid,1
MK-2206,0.172234,0.028265778,-0.041033193,107,True,24964624,0.20049977,0.1312008,BRD-K68065987,MK-2206,1
HA-1004,0.08844578,0.11114536,-0.12819806,19,True,3546,0.19959114,-0.039752275,BRD-K05434375,HA-1004,1
SR-142948,0.18861896,0.010612356,-0.06531796,24,True,5311451,0.19923131,0.123301,BRD-K91243525,SR-142948,1
medroxyprogesterone,0.053582758,0.14379399,-0.19503306,24,True,10631,0.19737674,-0.1414503,BRD-K82216340,medroxyprogesterone,1
alisertib,0.16752735,0.029190361,0.010578766,48,True,24771867,0.19671771,0.17810611,BRD-K75295174,alisertib,1
hyperoside,0.16282527,0.033864617,0.066915095,11,True,5281643,0.19668989,0.22974037,BRD-K84955386,hyperoside,1
arachidonyl-trifluoro-methane,0.1612631,0.034858175,-0.07555488,91,True,5280436,0.19612128,0.085708216,BRD-K07303502,arachidonyl-trifluoro-methane,1
balsalazide,0.12160707,0.069312595,-0.28965062,12,True,6335412,0.19091967,-0.16804355,BRD-K41410256,balsalazide,1
oligomycin-c,0.1886058,0.0013958588,-0.11422173,11,True,5281901,0.19000167,0.07438407,BRD-K05350981,oligomycin-c,1
pyrazolanthrone,0.18297377,0.006581813,-0.035429507,73,True,8515,0.18955559,0.14754426,BRD-K01567962,pyrazolanthrone,1
XMD-892,0.1793148,0.010149047,-0.07487058,65,True,46843772,0.18946385,0.10444423,BRD-K50387473,XMD-892,1
epinephrine-(racemic),0.14521638,0.043481857,-0.10998789,15,True,5924,0.18869823,0.035228483,BRD-A07765530,epinephrine-(racemic),1
remacemide,0.17461404,0.0134133175,-0.123740256,30,True,60510,0.18802735,0.050873786,BRD-A36074203,remacemide,1
hexamethyleneamiloride,0.17089158,0.015563565,-0.024167273,18,True,1794,0.18645515,0.14672431,BRD-K40990712,hexamethyleneamiloride,1
goserelin,0.02448257,0.16131766,-0.019666143,13,True,23581804,0.18580022,0.004816428,BRD-A62434282,goserelin,1
glycopyrrolate,0.042263784,0.14301881,-0.07847684,28,True,11693,0.18528259,-0.036213055,BRD-A81233518,glycopyrrolate,1
L-701252,0.16999227,0.0152644515,-0.19561724,17,True,4237309,0.18525672,-0.025624976,BRD-K10176267,L-701252,1
treprostinil,0.13132074,0.05374553,0.10746229,17,True,73707411,0.18506628,0.23878303,BRD-A67438293,treprostinil,1
gabexate,0.12111962,0.06196837,-0.084508404,34,True,3447,0.18308799,0.036611214,BRD-K59256312,gabexate,1
SA-94315,0.15826736,0.024539456,-0.09744221,25,True,44488016,0.18280682,0.060825154,BRD-K20197062,SA-94315,1
betulinic-acid,0.11599645,0.06656015,-0.15363115,19,True,64971,0.1825566,-0.0376347,BRD-K45401373,betulinic-acid,1
triclabendazole,0.17476219,0.0077158213,0.11057302,11,True,50248,0.18247801,0.2853352,BRD-K81916719,triclabendazole,1
indinavir,0.031974897,0.1504852,-0.10404038,11,True,5462355,0.1824601,-0.07206548,BRD-K33226500,indinavir,1
gavestinel,0.18012105,0.0020381287,-0.034991078,19,True,6450546,0.18215919,0.14512998,BRD-K49890030,gavestinel,1
xylazine,0.044334628,0.13662021,-0.100164056,23,True,5707,0.18095484,-0.055829428,BRD-K21565985,xylazine,1
saquinavir,0.1471863,0.03309036,-0.03394881,34,True,441243,0.18027666,0.113237485,BRD-K09963420,saquinavir,1
CP-724714,0.1446885,0.035573944,-0.0684412,82,True,9874913,0.18026245,0.076247305,BRD-K76908866,CP-724714,1
GR-79236,0.056072038,0.123799786,0.0745821,19,True,9884817,0.17987183,0.13065414,BRD-K40578143,GR-79236,1
erlotinib,0.17057383,0.009181127,-0.13819525,70,True,176871,0.17975496,0.032378584,BRD-K70401845,erlotinib,1
5-FP,0.13723598,0.041357845,-0.04803206,11,True,101498,0.17859383,0.089203924,BRD-K34437622,5-FP,1
fillalbin,0.02121922,0.15501189,-0.04231678,19,True,933171,0.17623112,-0.02109756,BRD-K28667196,fillalbin,1
VEGF-receptor-2-kinase-inhibitor-IV,0.12906374,0.046977684,-0.005430147,8,True,5329468,0.17604142,0.12363359,BRD-K61737877,VEGF-receptor-2-kinase-inhibitor-IV,1
terreic-acid-(-),0.035290197,0.13963726,0.014639141,24,True,44483234,0.17492746,0.049929336,BRD-A64228451,terreic-acid-(-),1
2-(biphenyl-4-ylsulfonamido)pentanedioic-acid,0.12427922,0.049403965,-0.02872315,15,True,644601,0.1736832,0.09555607,BRD-A71657825,2-(biphenyl-4-ylsulfonamido)pentanedioic-acid,1
levomepromazine,0.1254102,0.0475521,0.0014570057,23,True,45479743,0.17296231,0.1268672,BRD-K35559145,levomepromazine,1
LE-135,0.13886915,0.029985785,0.049436197,78,True,10410894,0.16885494,0.18830535,BRD-K06593056,LE-135,1
cyclophosphamide,0.11338278,0.055464923,-0.107043855,29,True,22420,0.16884771,0.006338924,BRD-A09722536,cyclophosphamide,1
raltegravir,0.040548015,0.12692529,0.15132129,17,True,54671008,0.1674733,0.1918693,BRD-K05658747,raltegravir,1
etifenin,0.126459,0.040712953,-0.01186946,23,True,170344,0.16717196,0.11458954,BRD-K63979671,etifenin,1
pimozide,0.13583799,0.030759044,-0.0052541494,86,True,16362,0.16659704,0.13058384,BRD-K01292756,pimozide,1
GW-501516,0.039494738,0.12621117,-0.035237994,18,True,9803963,0.1657059,0.004256744,BRD-K14880289,GW-501516,1
isoliquiritigenin,0.048972413,0.11449689,-0.063940756,59,True,638278,0.1634693,-0.014968343,BRD-K33583600,isoliquiritigenin,1
didanosine,0.095725335,0.06687505,-0.033739746,14,True,50599,0.16260038,0.06198559,BRD-K99063460,didanosine,1
UBP-302,0.11999363,0.039980844,-0.0373659,19,True,11674376,0.15997447,0.08262773,BRD-A45499626,UBP-302,1
GW-441756,0.1527297,0.0048078597,-0.11437406,37,True,9943465,0.15753756,0.03835565,BRD-K04146668,GW-441756,1
bulleyaconitine-a,0.13872881,0.018364131,-0.21620935,19,True,44634652,0.15709294,-0.07748054,BRD-A26097136,bulleyaconitine-a,1
nefazodone,0.12857112,0.028392348,-0.011608377,30,True,54911,0.15696347,0.116962746,BRD-K90789829,nefazodone,1
rufloxacin,0.11808556,0.036848724,0.008957565,15,True,58258,0.15493429,0.12704313,BRD-K62374253,rufloxacin,1
SKF-86002,0.0876834,0.066331,-0.13662516,19,True,5228,0.15401441,-0.048941754,BRD-K96809896,SKF-86002,1
JTE-907,0.092684,0.06091106,0.034837395,19,True,9867770,0.15359506,0.1275214,BRD-K63150726,JTE-907,1
HU-211,0.07210673,0.081137985,0.10146172,17,True,9886498,0.1532447,0.17356846,BRD-A15010982,HU-211,1
andarine,0.12664166,0.026209295,0.011359325,17,True,9824562,0.15285096,0.13800098,BRD-K82164249,andarine,1
GR-144053,0.07105313,0.08134285,-0.06305027,19,True,173614,0.152396,0.008002862,BRD-K12120659,GR-144053,1
acetylcholine,0.014330864,0.13804895,-0.075659916,11,True,93565,0.15237981,-0.06132905,BRD-K82381502,acetylcholine,1
NNC-63-0532,0.11401419,0.038275838,-0.09036055,19,True,3906780,0.15229003,0.023653641,BRD-K36009368,NNC-63-0532,1
clofazimine,0.023409272,0.12748745,0.08333021,14,True,2794,0.15089673,0.10673948,BRD-K56614220,clofazimine,1
penciclovir,0.076924436,0.0728371,-0.06780137,15,True,4725,0.14976153,0.009123065,BRD-K47780086,penciclovir,1
ICI-199441,0.078655615,0.070449725,-0.044653423,19,True,3082718,0.14910534,0.034002192,BRD-K73290745,ICI-199441,1
XMD-1150,0.12565717,0.023266856,-0.04297925,78,True,46843906,0.14892402,0.082677916,BRD-K01436366,XMD-1150,1
ixazomib,0.120602325,0.027836397,-0.0024888623,70,True,25183872,0.14843872,0.118113466,BRD-K78659596,ixazomib,1
DL-PDMP,0.09479215,0.05306022,0.074755095,95,True,16219895,0.14785236,0.16954724,BRD-K05653692,DL-PDMP,1
RS-56812,0.01803599,0.12968531,-0.07122936,19,True,6604789,0.1477213,-0.05319337,BRD-K20714604,RS-56812,1
TCB2,0.06719332,0.07942659,0.05440197,19,True,16046239,0.14661992,0.12159529,BRD-A31195449,TCB2,1
ranolazine,0.11067176,0.03512957,-0.03302881,34,True,56959,0.14580134,0.07764295,BRD-A97674275,ranolazine,1
isoflupredone-acetate,0.048762105,0.09677581,-0.13775526,19,True,224246,0.14553791,-0.088993154,BRD-K29173907,isoflupredone-acetate,1
GANT-58,0.059057653,0.08548349,0.043897107,59,True,253078,0.14454114,0.10295476,BRD-K64451768,GANT-58,1
pargyline,0.06846194,0.07496733,0.03850475,22,True,9373,0.14342928,0.10696669,BRD-K83597974,pargyline,1
SB-200646,0.07677794,0.06569337,-0.042541176,19,True,126769,0.14247131,0.034236766,BRD-K77677632,SB-200646,1
VER-155008,0.09763213,0.04476714,-0.055185035,59,True,25195348,0.14239928,0.042447098,BRD-K32330832,VER-155008,1
IC-261,0.028950708,0.11137025,-0.029127523,27,True,5288600,0.14032096,-0.00017681532,BRD-K09638361,IC-261,1
parbendazole,0.06549172,0.07297991,-0.08412422,75,True,26596,0.13847163,-0.018632501,BRD-K02407574,parbendazole,1
sulmazole,0.10294116,0.03552358,-0.05901812,19,True,55690,0.13846475,0.043923043,BRD-A41722204,sulmazole,1
selegiline,0.0843157,0.053487115,0.061454758,26,True,26758,0.13780281,0.14577046,BRD-K86434416,selegiline,1
ibuprofen-(S),0.1327143,0.004393518,0.061339617,23,True,39912,0.13710782,0.19405392,BRD-K14965640,ibuprofen-(S),1
avrainvillamide-analog-4,0.13009782,0.0063278973,-0.061711505,48,True,11852606,0.13642572,0.06838632,BRD-K25079130,avrainvillamide-analog-4,1
fluticasone-propionate,0.029177038,0.10703996,-0.050929174,30,True,444036,0.136217,-0.021752136,BRD-K62310379,fluticasone-propionate,1
timolol,0.037415102,0.098622374,0.05801329,34,True,5281056,0.13603747,0.09542839,BRD-K08806317,timolol,1
isoreserpine,0.03986243,0.09603651,-0.0935822,19,True,5701996,0.13589895,-0.053719766,BRD-K37080523,isoreserpine,1
JTE-013,0.13349302,0.0022843555,-0.08644843,19,True,10223146,0.13577738,0.04704459,BRD-K43330982,JTE-013,1
methylnorlichexanthone,0.03500737,0.099288456,0.06519784,8,True,5377914,0.13429582,0.10020521,BRD-K33193182,methylnorlichexanthone,1
ryanodine,0.09180323,0.04007332,0.046510518,19,True,6610313,0.13187656,0.13831374,BRD-K69556541,ryanodine,1
benzatropine,0.06119262,0.07003793,-0.07739967,15,True,238053,0.13123055,-0.01620705,BRD-A25067867,benzatropine,1
MK-1775,0.028131515,0.10271263,0.044124816,107,True,24856436,0.13084415,0.07225633,BRD-K54256913,MK-1775,1
telmisartan,0.112391934,0.017905056,-0.091651395,34,True,65999,0.13029699,0.020740539,BRD-K73999723,telmisartan,1
STO-609,0.022378817,0.107385695,0.08653335,19,True,3467590,0.12976451,0.10891217,BRD-K52620403,STO-609,1
rimantadine,0.075803876,0.053818226,-0.090485886,15,True,15165,0.1296221,-0.01468201,BRD-A75479906,rimantadine,1
PD-123319,0.10258211,0.02562648,-0.026779626,19,True,4701,0.12820859,0.07580249,BRD-A63836183,PD-123319,1
bethanechol,0.075760886,0.05159123,-0.24296036,15,True,11548,0.12735212,-0.16719948,BRD-A99833829,bethanechol,1
L-erythro-MAPP,0.0020235777,0.124681294,-0.059094276,19,True,6610217,0.12670487,-0.0570707,BRD-K09635134,L-erythro-MAPP,1
linifanib,0.03927777,0.08597572,0.0064081587,66,True,11485656,0.1252535,0.04568593,BRD-K99749624,linifanib,1
vincamine,0.09525499,0.028971711,-0.102510065,22,True,15376,0.1242267,-0.0072550774,BRD-K40902647,vincamine,1
kavain,0.0812597,0.042213023,-0.077993214,25,True,5369129,0.12347272,0.0032664835,BRD-A75455249,kavain,1
ML-7,0.0855808,0.037523687,-0.067661166,19,True,4216,0.12310449,0.017919637,BRD-K93201660,ML-7,1
canertinib,0.12084514,0.0013446286,-0.07082029,66,True,156414,0.12218977,0.050024852,BRD-K50168500,canertinib,1
BIX-02188,0.11609105,0.00465174,-0.004570484,25,True,50904168,0.12074279,0.111520566,BRD-K92817986,BIX-02188,1
ropivacaine,0.037629403,0.082588166,0.009918714,13,True,175804,0.12021757,0.047548115,BRD-K50938786,ropivacaine,1
riluzole,0.10203733,0.016654298,-0.15814081,45,True,5070,0.11869163,-0.056103475,BRD-K21283037,riluzole,1
eriodictyol,0.10727127,0.009949673,-0.06258177,39,True,11095,0.11722094,0.0446895,BRD-A35033682,eriodictyol,1
zolmitriptan,0.09620488,0.020593807,0.06957342,32,True,60857,0.116798684,0.1657783,BRD-K54314721,zolmitriptan,1
LY-165163,0.08099997,0.03500378,-0.09707412,25,True,121930,0.11600375,-0.01607415,BRD-K14282469,LY-165163,1
ipriflavone,0.067768045,0.04774926,-0.043998092,11,True,3747,0.1155173,0.023769952,BRD-K93618743,ipriflavone,1
propoxycaine,0.086968884,0.027959079,0.04510074,23,True,6843,0.11492796,0.13206962,BRD-K18250272,propoxycaine,1
acetohydroxamic-acid,0.06279575,0.051874153,0.052787106,8,True,220184,0.114669904,0.11558285,BRD-K74112339,acetohydroxamic-acid,1
SU-4312,0.104683794,0.009976719,-0.02868406,38,True,6450842,0.11466052,0.07599974,BRD-K20287671,SU-4312,1
ipidacrine,0.0714473,0.042728305,-0.03827341,11,True,604519,0.1141756,0.03317389,BRD-K66896231,ipidacrine,1
BI-78D3,0.0074745417,0.10621588,0.0104049025,18,True,2747117,0.11369042,0.017879445,BRD-K73982490,BI-78D3,1
RS-45041-190,0.06645313,0.046655193,-0.06467466,19,True,127951,0.11310832,0.0017784685,BRD-K26160755,RS-45041-190,1
Merck60,0.08118138,0.031045556,0.03581648,75,True,6918878,0.11222693,0.11699785,BRD-K04466929,Merck60,1
ampicillin,0.0011311313,0.11076102,-0.107649036,17,True,2174,0.11189215,-0.1065179,BRD-A16754160,ampicillin,1
O-2050,0.027239583,0.084284216,-0.11705545,19,True,16102146,0.1115238,-0.08981587,BRD-K02590140,O-2050,1
5-aminolevulinic-acid,0.08448734,0.026598066,-0.12514096,11,True,137,0.11108541,-0.040653624,BRD-K57631554,5-aminolevulinic-acid,1
bicuculline,0.003169775,0.10783961,-0.08167208,11,True,6710622,0.11100938,-0.078502305,BRD-A09495397,bicuculline,1
GYKI-52466,0.09674569,0.013337173,0.004682213,19,True,10042240,0.110082865,0.101427905,BRD-K24240364,GYKI-52466,1
epothilone,0.018628854,0.091297805,-0.011671357,17,True,448013,0.109926656,0.0069574974,BRD-K48935217,epothilone,1
probucol,0.009679237,0.099663876,0.052011713,22,True,4912,0.10934311,0.06169095,BRD-K72029282,probucol,1
LY-278584,0.053078093,0.055812433,0.023747452,19,True,3970,0.108890526,0.076825544,BRD-A12016240,LY-278584,1
loperamide,0.05993431,0.048728228,-0.07494877,95,True,71420,0.10866254,-0.015014462,BRD-K61250553,loperamide,1
cefotaxime,0.09143387,0.01695776,-0.17690706,16,True,5361298,0.10839163,-0.085473195,BRD-A67981824,cefotaxime,1
thiazolopyrimidine,0.07592486,0.030366287,-0.020682067,95,True,5758458,0.106291145,0.05524279,BRD-A75517195,thiazolopyrimidine,1
zalcitabine,0.07412465,0.031607635,0.0115823895,15,True,24066,0.105732284,0.08570704,BRD-K85925969,zalcitabine,1
IBC-293,0.014403362,0.08942178,0.00793986,19,True,2736690,0.10382514,0.022343222,BRD-K15196155,IBC-293,1
phenylbutazone,0.08435855,0.018823402,-0.04241454,23,True,4781,0.10318195,0.041944012,BRD-K10843433,phenylbutazone,1
lamotrigine,0.08950923,0.013305578,-0.0306139,30,True,3878,0.10281481,0.058895327,BRD-K93460210,lamotrigine,1
ZK-93426,0.054406904,0.04829058,-0.06776348,19,True,115210,0.102697484,-0.013356574,BRD-K68392338,ZK-93426,1
LY-225910,0.0989126,0.002978189,0.03694942,19,True,4355450,0.10189079,0.13586202,BRD-K33864865,LY-225910,1
PJ-34,0.08697815,0.0144336,-0.084431835,95,True,4858,0.10141175,0.0025463179,BRD-K11853856,PJ-34,1
lawsone,0.076290876,0.0247809,0.050289497,19,True,10125107,0.101071775,0.12658037,BRD-K66707493,lawsone,1
molsidomine,0.024557535,0.07651411,0.034459054,23,True,5360788,0.10107164,0.05901659,BRD-K35531059,molsidomine,1
MD-920,0.09442179,0.0052160323,-0.0150763,19,True,6466,0.09963782,0.07934549,BRD-K92758126,MD-920,1
prostaglandin-b2,0.020773686,0.07812992,0.07426615,19,True,5280881,0.098903604,0.09503984,BRD-K82865713,prostaglandin-b2,1
rifapentine,0.08118757,0.016180981,0.03527823,28,True,23581793,0.09736855,0.1164658,BRD-K28346421,rifapentine,1
gefitinib,0.06665976,0.0304133,-0.053719267,142,True,123631,0.09707306,0.012940496,BRD-K64052750,gefitinib,1
mianserin,0.065990075,0.03026567,-0.013029084,22,True,4184,0.09625575,0.05296099,BRD-A19661776,mianserin,1
bromfenac,0.064201385,0.031553537,-0.13529475,11,True,60726,0.09575492,-0.071093366,BRD-K47679368,bromfenac,1
talniflumate,0.068798035,0.02687183,-0.06394394,19,True,48229,0.095669866,0.004854098,BRD-A98378129,talniflumate,1
W-13,0.0445185,0.05100491,-0.06836456,19,True,4299,0.09552341,-0.02384606,BRD-K45068323,W-13,1
GW-6471,0.01415503,0.08132878,-0.078244716,27,True,44634742,0.09548381,-0.064089686,BRD-A72596465,GW-6471,1
AVA,0.0037182653,0.090738244,0.021411862,48,True,11719255,0.09445651,0.025130127,BRD-K10466330,AVA,1
MLN-8054,0.043192144,0.050948188,-0.039007436,108,True,11712649,0.094140336,0.004184708,BRD-K83963101,MLN-8054,1
AC-55649,0.036573973,0.05743593,0.02485504,59,True,1714884,0.094009906,0.061429013,BRD-K93176058,AC-55649,1
coumestrol,0.031914,0.060710415,0.051936135,19,True,5281707,0.09262441,0.08385013,BRD-K97509413,coumestrol,1
westcort,0.06921825,0.021578759,0.19193158,11,True,5225092,0.09079701,0.26114982,BRD-A23290232,westcort,1
epoxycholesterol,0.021703295,0.06866631,-0.010912389,24,True,3247059,0.090369605,0.010790907,BRD-K61480498,epoxycholesterol,1
L-690330,0.035486005,0.053649135,0.039360687,63,True,132449,0.08913514,0.07484669,BRD-K28470988,L-690330,1
nafcillin,0.08469327,0.0033075623,-0.12998149,30,True,23667630,0.088000834,-0.04528822,BRD-K18574842,nafcillin,1
GR-46611,0.05074921,0.03676027,0.01175826,19,True,6160690,0.08750948,0.062507465,BRD-K68190965,GR-46611,1
azauridine,0.06446393,0.02217424,-0.05290748,13,True,5901,0.08663817,0.011556447,BRD-K56745457,azauridine,1
nefopam,0.035601556,0.050501943,0.0050835833,22,True,155290,0.0861035,0.04068514,BRD-A78877355,nefopam,1
GR-32191,0.05389539,0.030935705,-0.13172506,19,True,6918030,0.084831096,-0.07782967,BRD-K02283807,GR-32191,1
idebenone,0.0064306855,0.07834074,-0.012981683,15,True,3686,0.084771425,-0.0065509975,BRD-K37516142,idebenone,1
pancuronium,0.07943122,0.0046892166,-0.07435961,15,True,23641206,0.08412044,0.00507161,BRD-A84134924,pancuronium,1
equol,0.07927022,0.004715577,-0.06344139,48,True,382975,0.0839858,0.015828833,BRD-A74907996,equol,1
BMS-754807,0.07626778,0.007541597,0.050138086,59,True,24785538,0.083809376,0.12640586,BRD-K13049116,BMS-754807,1
GTP-14564,0.043202326,0.03956805,0.031917788,19,True,3385203,0.08277038,0.075120114,BRD-K16664969,GTP-14564,1
relcovaptan,0.048761368,0.032810614,-0.043260783,19,True,60943,0.08157198,0.005500585,BRD-K96720755,relcovaptan,1
U-99194,0.07742466,0.0027809143,0.011001341,19,True,11957713,0.080205575,0.088426,BRD-K70281171,U-99194,1
brimonidine,0.05268275,0.02689869,0.060184866,30,True,2435,0.07958144,0.112867616,BRD-K68264559,brimonidine,1
terbinafine,0.04441638,0.033179965,-0.11657112,22,True,5282481,0.077596344,-0.072154745,BRD-K68132782,terbinafine,1
SCH-58261,0.061481707,0.015670493,0.03507758,19,True,176408,0.0771522,0.096559286,BRD-K81225797,SCH-58261,1
hyperforin,0.05784627,0.018902704,0.08911442,18,True,51348735,0.076748975,0.14696069,BRD-A80775386,hyperforin,1
W-12,0.05841597,0.017578434,-0.26059195,8,True,4298,0.0759944,-0.20217597,BRD-K78084463,W-12,1
doxapram,0.03965187,0.036111414,0.09586402,13,True,3156,0.075763285,0.1355159,BRD-A46179541,doxapram,1
SDZ-WAG-994,0.019955093,0.055585876,0.017322559,19,True,18755269,0.07554097,0.037277654,BRD-A31007383,SDZ-WAG-994,1
vardenafil,0.055471927,0.019907344,-0.01581239,32,True,23581791,0.07537927,0.039659537,BRD-K13926615,vardenafil,1
tosyllysyl-chloromethyl-ketone,4.200265e-06,0.074910924,-0.11867664,19,True,16760682,0.074915126,-0.11867244,BRD-K10136726,tosyllysyl-chloromethyl-ketone,1
oxalomalic-acid,0.03293842,0.0397953,-0.18544446,18,True,439620,0.07273372,-0.15250604,BRD-A80574334,oxalomalic-acid,1
pilocarpine,0.06757228,0.0047479225,-0.16761953,15,True,5909,0.0723202,-0.100047246,BRD-K85090592,pilocarpine,1
SC-9,0.038355753,0.032420292,0.048278764,19,True,124172,0.070776045,0.08663452,BRD-K25875056,SC-9,1
dinoprostone,0.04544977,0.02495706,-0.03632331,25,True,5280360,0.07040683,0.009126462,BRD-K26521938,dinoprostone,1
tibolone,0.056990206,0.013204053,-0.29773533,12,True,444008,0.07019426,-0.24074513,BRD-K10467831,tibolone,1
MNITMT,0.004107803,0.06393056,0.03293433,19,True,364622,0.06803837,0.037042134,BRD-K63151507,MNITMT,1
varenicline,0.061007693,0.005753398,-0.00574317,17,True,5310966,0.06676109,0.055264525,BRD-K18855837,varenicline,1
ethambutol,0.044452883,0.022058569,-0.051629484,16,True,3279,0.06651145,-0.0071766004,BRD-A74500471,ethambutol,1
raltitrexed,0.056263197,0.009507269,0.14056548,30,True,104758,0.06577046,0.19682868,BRD-K89839824,raltitrexed,1
orphenadrine,0.00888108,0.05589081,0.023952577,22,True,83823,0.06477189,0.03283366,BRD-A53576514,orphenadrine,1
mercaptopurine,0.054548003,0.010094967,0.0154645,14,True,2724350,0.064642966,0.0700125,BRD-K91601245,mercaptopurine,1
7-nitroindazole,0.007939015,0.056308158,-0.022802725,72,True,1893,0.064247176,-0.014863711,BRD-K04430056,7-nitroindazole,1
rosiglitazone,0.045376692,0.018411977,0.02318874,110,True,77999,0.06378867,0.06856543,BRD-A97437073,rosiglitazone,1
CHEMBL-374350,0.048430853,0.0152105875,0.034401443,72,True,2858523,0.063641444,0.08283229,BRD-K59962020,CHEMBL-374350,1
rescinnamine,0.025694259,0.036317132,0.0032418966,19,True,5280954,0.06201139,0.028936155,BRD-K52930707,rescinnamine,1
raclopride,0.0029616393,0.057143047,-0.053841036,34,True,3033769,0.060104687,-0.050879396,BRD-K04111260,raclopride,1
oleoylethanolamide,0.026939489,0.032813314,0.010304343,24,True,5283454,0.059752803,0.037243832,BRD-K66956375,oleoylethanolamide,1
barasertib-HQPA,0.02346458,0.03559742,-0.006963438,166,True,16007391,0.059062,0.016501142,BRD-K63923597,barasertib-HQPA,1
sulpiride,0.018204337,0.03989272,-0.208552,21,True,4018928,0.058097057,-0.19034767,BRD-A10715913,sulpiride,1
felbamate,0.053066507,0.004503846,0.04475005,30,True,3331,0.057570353,0.09781656,BRD-K99107520,felbamate,1
memantine,0.02002025,0.03729128,0.11036513,26,True,11229655,0.05731153,0.13038538,BRD-A79803969,memantine,1
mosapride,0.030938074,0.025778793,-0.16586596,29,True,119584,0.056716867,-0.13492788,BRD-A39052811,mosapride,1
ON-01910,0.0049840435,0.05035284,0.07593028,65,True,73707390,0.055336885,0.080914326,BRD-K35687265,ON-01910,1
RG-13022,0.054564573,0.0006271973,-0.03483098,19,True,5468216,0.05519177,0.019733593,BRD-K82688027,RG-13022,1
1-monopalmitin,0.050522655,0.0039879084,-0.05167429,11,True,14900,0.054510564,-0.0011516362,BRD-A80928489,1-monopalmitin,1
SB-216763,0.029727481,0.024045002,0.005163282,113,True,176158,0.053772483,0.034890763,BRD-K59184148,SB-216763,1
tosufloxacin,0.013389818,0.040082477,0.00039438903,15,True,93858,0.053472295,0.013784207,BRD-A41450521,tosufloxacin,1
nortriptyline,0.014186781,0.03865672,-0.12992704,22,True,441358,0.0528435,-0.115740255,BRD-K91263825,nortriptyline,1
theophylline,0.035819918,0.01700953,0.13733888,15,True,2153,0.052829448,0.1731588,BRD-K97799481,theophylline,1
piperacetazine,0.03474007,0.017606312,0.0015909318,19,True,19675,0.052346386,0.036331005,BRD-K16277217,piperacetazine,1
flufenamic-acid,0.0022605676,0.045920428,-0.038913067,22,True,3371,0.048180997,-0.036652498,BRD-K44067360,flufenamic-acid,1
lamivudine,0.014779052,0.033198144,0.00073309056,28,True,60825,0.047977194,0.015512142,BRD-K02992638,lamivudine,1
SDZ-NKT-343,0.04445026,0.0033196956,-0.072605446,19,True,44208964,0.047769956,-0.028155185,BRD-A82590476,SDZ-NKT-343,1
EMF-BCA1-64,0.025776096,0.020523276,-0.097442456,30,True,46907798,0.046299372,-0.07166636,BRD-K11540476,EMF-BCA1-64,1
lavendustin-c,0.036125973,0.009340137,-0.052203313,18,True,3896,0.04546611,-0.01607734,BRD-K80725632,lavendustin-c,1
WZ-4002,0.009034306,0.03476745,-0.02389884,83,True,44607530,0.043801755,-0.014864534,BRD-K72420232,WZ-4002,1
zolantidine,0.023240412,0.019312631,-0.05671387,19,True,23640915,0.042553045,-0.033473462,BRD-K08996725,zolantidine,1
Ro-10-5824,0.027016178,0.011851888,-0.01858102,19,True,16759175,0.038868066,0.008435158,BRD-K79684402,Ro-10-5824,1
depudecin,0.038287885,0.00047835708,0.043041617,17,True,10420710,0.038766243,0.0813295,BRD-K07888107,depudecin,1
orciprenaline,0.026602643,0.008561253,0.09052874,26,True,9861452,0.035163894,0.11713138,BRD-A07780951,orciprenaline,1
APHA-compound-8,0.0103099365,0.024783779,0.013836414,18,True,10379137,0.035093717,0.02414635,BRD-K74733595,APHA-compound-8,1
UK-356618,0.0039417967,0.030711867,0.0013942868,59,True,10370504,0.034653664,0.0053360835,BRD-K57011718,UK-356618,1
nilotinib,0.023947483,0.010652088,0.02162718,120,True,644241,0.034599572,0.045574665,BRD-K81528515,nilotinib,1
proxymetacaine,0.02213411,0.012366153,0.020665038,34,True,517321,0.034500264,0.04279915,BRD-K79116891,proxymetacaine,1
ZM-447439,0.030645609,0.0037729964,-0.026986055,131,True,9914412,0.034418605,0.0036595538,BRD-K72703948,ZM-447439,1
temefos,0.0043912977,0.024926126,-0.033346303,19,True,5392,0.029317424,-0.028955005,BRD-K51805276,temefos,1
GSK-429286A,0.0031883023,0.025899887,0.057536,82,True,11373846,0.02908819,0.0607243,BRD-A10523515,GSK-429286A,1
JNJ-26481585,0.01582563,0.010496259,0.013558861,18,True,11538455,0.026321888,0.02938449,BRD-K83837640,JNJ-26481585,1
xaliproden,0.008640102,0.015650734,-0.0018208772,19,True,128919,0.024290837,0.006819225,BRD-K88358234,xaliproden,1
norepinephrine,0.0007080883,0.022558093,0.10753937,17,True,5923,0.023266181,0.10824746,BRD-A91555231,norepinephrine,1
UCL-2077,0.0064980164,0.015021234,0.030904464,19,True,24868317,0.021519251,0.03740248,BRD-K50325075,UCL-2077,1
linoleamide,0.009434022,0.0011894703,0.0015380308,19,True,6435901,0.010623492,0.010972053,BRD-K64044582,linoleamide,1
avrainvillamide-analog-3,0.0033336151,0.00091768056,0.053666223,48,True,73707609,0.0042512957,0.05699984,BRD-K39569857,avrainvillamide-analog-3,1
masitinib,0.000916902,0.0020928923,0.088318154,66,True,10074640,0.0030097943,0.08923505,BRD-K71035033,masitinib,1
