true_name,hcc_score,cvd_score,cad_score,n_sig,has_name,pubchem,joint_cvd,joint_cad
actinomycin-d,2.0182042,0.3314544,-0.735237,3,True,2019,2.3496585,1.2829672
plumbagin,1.4621263,0.53035814,-0.98364186,6,True,10205,1.9924843,0.4784844
ER-27319,1.6314101,0.031521946,-1.1180813,18,True,9799509,1.662932,0.5133288
MW-STK33-23,1.620858,0.039674282,-0.546661,11,True,3000022,1.6605322,1.0741969
JNJ-7706621,1.5419436,0.01578924,-0.89348066,16,True,5330790,1.5577328,0.6484629
thiomersal,0.8750789,0.6019889,-0.46339864,4,True,67361,1.4770678,0.41168028
BG-1003,0.6005126,0.7824981,-0.40657392,6,True,73707349,1.3830107,0.1939387
hydrochlorothiazide,0.95895827,0.3458451,-0.13884172,3,True,3639,1.3048034,0.8201165
JS-K,1.0265175,0.27261892,-0.45706418,6,True,73438900,1.2991364,0.56945336
peruvoside,1.0780082,0.15272042,-0.47444415,6,True,5702166,1.2307286,0.603564
JAK3-inhibitor-VI,1.1634331,0.06577408,-0.26136255,19,True,9947841,1.2292072,0.9020705
pyrvinium,0.80916786,0.36630243,-0.124601215,9,True,73707346,1.1754704,0.6845666
BG-1030,0.4415094,0.7281623,-0.18346588,6,True,42618298,1.1696717,0.25804353
clofilium,0.9578271,0.19343854,-0.65368086,3,True,175533,1.1512656,0.30414623
KU-C104495,0.7058234,0.42489317,-0.36606747,12,True,44640181,1.1307166,0.33975595
STK-397047,0.79793054,0.24986905,-0.35814303,16,True,460747,1.0477996,0.4397875
timosaponin,0.65451294,0.3727008,-0.40498102,4,True,73438891,1.0272138,0.24953192
STK-249718,0.8218329,0.20419684,-0.39409983,24,True,906542,1.0260297,0.42773306
belinostat,0.7380085,0.2825306,-0.42805076,25,True,6918638,1.020539,0.30995774
VU-0418947-2,0.7136805,0.29679143,-0.017276652,12,True,46742354,1.0104719,0.69640386
MD-II-008-P,0.77937114,0.21264955,-0.34405583,16,True,60194076,0.9920207,0.4353153
AT-7519,0.9394014,0.031615257,-0.59614897,63,True,11338033,0.97101665,0.34325242
hycanthone,0.41647023,0.5422543,0.07702227,3,True,3634,0.95872456,0.49349248
BG-1029,0.29279757,0.6514529,-0.12512943,6,True,73707350,0.94425046,0.16766813
proglumide,0.5884508,0.35042626,-0.62863344,3,True,23677833,0.93887705,-0.04018265
ryuvidine,0.7183604,0.20906031,-0.4629614,26,True,481747,0.92742074,0.25539902
z-leu3-VS,0.7322659,0.19322678,-0.34051162,7,True,5497183,0.92549264,0.39175427
KU-C104337,0.76908946,0.1508832,-0.36569148,12,True,44631078,0.91997266,0.40339798
NSC-3852,0.71567774,0.19641997,-0.25559646,24,True,19103,0.9120977,0.46008128
ionomycin,0.5911537,0.31008846,-0.32527167,4,True,73652146,0.90124214,0.26588202
sulfamethoxypyridazine,0.6553124,0.22519809,-0.40499252,4,True,5330,0.8805105,0.2503199
BG-1004,0.3923148,0.4812576,-0.4611511,6,True,44506448,0.87357235,-0.0688363
PCI-24781,0.6727882,0.18088414,-0.28580254,19,True,11749858,0.8536723,0.38698566
SCH-79797,0.6981117,0.15206534,-0.11482802,46,True,4259181,0.85017705,0.58328366
NCH-51,0.59826696,0.2512445,-0.3767897,17,True,11395181,0.84951144,0.22147727
SA-96805,0.51651037,0.32123834,-0.36291572,12,True,44497527,0.8377487,0.15359464
CCT036477,0.68006796,0.15264094,-0.20232618,6,True,3634881,0.8327089,0.47774178
heliomycin,0.51350814,0.3089718,-0.0016184002,11,True,5282060,0.82247996,0.51188976
panobinostat,0.7105467,0.103001535,-0.23757766,170,True,6918837,0.8135482,0.472969
mocetinostat,0.67663133,0.13270557,-0.49356908,17,True,9865515,0.8093369,0.18306226
BG-1027,0.26045376,0.5434753,-0.18559891,6,True,73707544,0.80392903,0.07485485
kanamycin,0.68588454,0.117805004,-0.49816248,3,True,6032,0.80368954,0.18772206
CHEMBL-399379,0.6574031,0.14459887,-0.23550893,64,True,16747776,0.80200195,0.4218942
VU-0418939-2,0.56602347,0.23426118,0.020698663,12,True,46742345,0.8002846,0.58672214
VU-0418946-1,0.5491985,0.23652121,-0.03192568,29,True,46742353,0.78571975,0.51727283
n-bromoacetyltryptamine,0.4484534,0.3366198,-0.08627521,5,True,399698,0.78507316,0.36217818
ciclopirox,0.536425,0.24082708,0.14984351,4,True,38911,0.7772521,0.6862685
Ac-Leu-Leu-Nle-CHO,0.29276177,0.47751775,-0.10519576,6,True,443118,0.7702795,0.18756601
fadrozole,0.50816,0.26141846,-0.45187184,3,True,59693,0.76957846,0.056288153
VU-0418934-2,0.72357506,0.04103823,0.13124365,12,True,46742340,0.7646133,0.8548187
F-1566-0341,0.42279622,0.340571,0.039881695,34,True,5056826,0.7633672,0.46267793
ramifenazone,0.51188713,0.24284889,-0.44829988,4,True,83592,0.754736,0.06358725
gentamicin,0.5708705,0.18169403,-0.48670423,3,True,6713924,0.75256455,0.08416629
CVF-SUMO-14,0.38439324,0.364725,-0.15638472,11,True,51003685,0.7491182,0.22800852
BG-1007,0.3036877,0.42786947,-0.18698381,6,True,73707536,0.73155713,0.11670388
cadmium-chloride,0.51333004,0.212103,-0.21373837,3,True,24947,0.72543305,0.29959166
diperodon,0.42739624,0.2972408,-0.31272903,3,True,10831,0.72463703,0.11466721
sarmentogenin,0.6862018,0.033979386,0.050468355,8,True,6708600,0.7201812,0.73667014
p-azido-PE-TFMPP,0.16526355,0.55184233,-0.387625,6,True,128737,0.71710587,-0.22236146
sulfadimethoxine,0.44717908,0.26989377,-0.48152545,4,True,5323,0.71707284,-0.034346372
SA-247508,0.4758471,0.22816715,-0.24905793,12,True,44506644,0.70401424,0.22678916
CVF-SUMO-11,0.44477147,0.25483894,-0.15202537,11,True,51003716,0.6996104,0.2927461
SA-1459167,0.66617155,0.030077279,-0.50501055,12,True,54658498,0.6962488,0.161161
SA-1939938,0.68331957,0.012396321,-0.39389688,12,True,60184895,0.6957159,0.2894227
disulfiram,0.38421038,0.30449292,0.03577763,14,True,3117,0.6887033,0.419988
carbachol,0.56828713,0.11726755,-0.3732096,4,True,5831,0.6855547,0.19507754
CT-200783,0.34305125,0.34125406,-0.1363182,59,True,73707405,0.6843053,0.20673305
CD-1530,0.6530429,0.020840835,-0.15614608,58,True,24868309,0.67388374,0.49689683
SA-418993,0.5353074,0.13781404,-0.56608933,13,True,44498557,0.67312145,-0.030781925
PD-407824,0.49677512,0.17289811,-0.18651716,27,True,4369491,0.6696732,0.31025797
emodin,0.6055596,0.06282557,-0.20447585,3,True,3220,0.66838515,0.40108374
BML-284,0.38839594,0.27424553,-0.15715261,6,True,11210285,0.66264147,0.23124333
BG-1002,0.43074843,0.22989082,-0.28387988,6,True,73707548,0.6606393,0.14686856
gallamine,0.4974701,0.16184558,0.0016644597,3,True,5458167,0.6593157,0.49913457
VU-0410183-2,0.45306808,0.20566297,0.010794163,29,True,44631784,0.65873104,0.46386224
pyrvinium-pamoate,0.5973723,0.060582623,0.10485418,74,True,73707397,0.65795493,0.70222646
VU-0418933-1,0.43309617,0.2213437,-0.17993984,17,True,46742339,0.65443987,0.25315633
BG-1026,0.3951473,0.25668576,-0.23905039,6,True,73707550,0.65183306,0.1560969
thonzonium,0.6415224,0.009393826,-0.23265135,3,True,11102,0.6509162,0.40887105
clocortolone,0.40695596,0.2430107,-0.32650578,4,True,56840865,0.64996666,0.08045018
zearalenone,0.4071356,0.23579828,-0.20627473,3,True,5375083,0.6429339,0.20086087
KW-06,0.37960064,0.26322255,-0.26132393,6,True,73707614,0.6428232,0.118276715
RN1,0.2227749,0.41961148,0.030963792,6,True,45376076,0.6423864,0.25373867
phthalylsulfathiazole,0.29220125,0.34391156,-0.17425373,4,True,4806,0.6361128,0.11794752
ST-4029573,0.55759454,0.07681447,-0.22377564,17,True,5286565,0.634409,0.3338189
GP-42,0.5098304,0.12394945,-0.06214694,12,True,73707393,0.6337799,0.44768348
dihydrostreptomycin,0.52071947,0.11257398,-0.42816886,3,True,73707353,0.63329345,0.092550606
SA-1922796,0.5000478,0.13241114,-0.502905,8,True,54669462,0.6324589,-0.0028572083
BG-1010,0.37974253,0.24653478,-0.25179,6,True,73707549,0.6262773,0.12795255
auranofin,0.6215215,0.00049511343,-0.2014016,86,True,0,0.6220166,0.42011988
EMF-sumo1-39,0.43706936,0.18030994,-0.11973485,11,True,51003694,0.6173793,0.3173345
BG-1028,0.31337184,0.2986903,-0.43866464,6,True,73707545,0.6120621,-0.12529281
COL-3,0.46456084,0.14293316,-0.2441509,108,True,73707525,0.607494,0.22040993
amonafide,0.4816036,0.123212874,0.059733257,15,True,50515,0.60481644,0.54133683
M-344,0.19391254,0.4070545,-0.1601206,6,True,3994,0.60096705,0.03379193
BG-1006,0.10696091,0.49279934,-0.22412054,6,True,73707535,0.59976023,-0.117159635
torin-1,0.49653018,0.10226249,-0.15633407,72,True,49836027,0.5987927,0.3401961
SN-38,0.59454113,0.0015547872,-0.15782836,95,True,4014291,0.5960959,0.43671277
piromidic-acid,0.3058157,0.28866503,-0.020017216,4,True,4855,0.59448075,0.2857985
malonoben,0.4023894,0.19133729,0.025594532,31,True,16759147,0.5937267,0.42798394
neomycin,0.42911717,0.16294438,-0.2652631,3,True,8378,0.5920615,0.16385406
methyl-dopate,0.36768678,0.22285378,-0.30812052,4,True,17277,0.5905405,0.05956626
nifuroxazide,0.30743754,0.28199595,-0.4331203,4,True,5337997,0.5894335,-0.12568277
lanatoside-c,0.47709185,0.11232387,0.0560156,10,True,73707447,0.5894157,0.53310746
KUC111774N,0.41845337,0.16566248,-0.17077409,101,True,12387471,0.58411586,0.24767928
SA-89735,0.5372489,0.043794148,-0.48217487,12,True,44484798,0.58104306,0.055074036
AT-SUMO-1,0.34479362,0.2308242,-0.22355399,18,True,24747642,0.5756178,0.12123963
diacerein,0.45764643,0.11490626,0.032956906,4,True,26248,0.5725527,0.49060333
amphotericin-b,0.3702498,0.19649068,-0.24530536,4,True,73707460,0.5667405,0.12494445
sulfaguanidine,0.36118343,0.20314519,-0.5487932,3,True,5324,0.5643286,-0.18760976
arbutin,0.5467389,0.016837649,-0.4136411,4,True,440936,0.5635766,0.13309783
imipenem,0.4864276,0.07638727,-0.43656158,4,True,12801781,0.5628149,0.04986602
K784-3131,0.51879,0.041832328,-0.36269978,37,True,4381125,0.56062233,0.15609023
PSH-022,0.55137527,0.008456528,-0.07401009,13,True,24747172,0.5598318,0.4773652
SA-25547,0.42861143,0.12918426,-0.20554662,24,True,5337366,0.5577957,0.22306481
NO-ASA,0.40252802,0.15456578,-0.20639156,6,True,119032,0.5570938,0.19613646
felbinac,0.43248802,0.121839225,-0.20729683,4,True,3332,0.55432725,0.22519119
leucovorin,0.5503895,0.0031660795,-0.5327685,4,True,6006,0.5535556,0.01762104
desmethylclomipramine,0.3797387,0.17367963,-0.61194587,12,True,622606,0.55341834,-0.23220718
AS-601245,0.47409403,0.0780831,-0.24197473,64,True,10109823,0.55217713,0.2321193
PD-198306,0.45629677,0.08466683,-0.11413333,19,True,9956637,0.5409636,0.34216344
BG-1005,0.03606922,0.5045579,-0.077133834,6,True,25118059,0.5406271,-0.041064613
KU-C104228,0.1661802,0.37011623,-0.030281622,13,True,44623844,0.5362964,0.13589858
IKK-2-inhibitor-V,0.3590803,0.17601794,-0.008648336,89,True,5081913,0.53509825,0.35043198
baclofen,0.51373893,0.021063596,-0.18084078,3,True,2284,0.53480256,0.33289814
flumethasone,0.35561317,0.17871682,-0.2995432,4,True,40469854,0.53433,0.05606997
anthothecol,0.51050806,0.023317322,-0.10330477,11,True,73707348,0.5338254,0.4072033
"(+/-)-7-hydroxy-2-(N,N-di-n-propylamino)tetralin",0.33679956,0.19035295,0.043794863,6,True,1219,0.52715254,0.38059443
EMF-bca1-16,0.41254905,0.10698339,-0.2380393,24,True,4183496,0.51953244,0.17450975
I-505056,0.5155245,0.0022605956,-0.05286506,11,True,23975549,0.5177851,0.46265945
dichlorodiamine-platinum,0.3829865,0.13223693,-0.23992087,3,True,2768,0.5152234,0.14306562
torin-2,0.4207145,0.092156485,-0.16001767,66,True,51358113,0.51287097,0.26069683
1-phenylbiguanide,0.24167004,0.2695803,-0.058415204,9,True,4780,0.5112504,0.18325484
ST-056792,0.206458,0.30382735,0.044705465,17,True,755405,0.5102854,0.25116348
thiostrepton,0.37914395,0.1279158,-0.11748153,47,True,16129995,0.50705975,0.26166242
carbimazole,0.3943288,0.10855155,-0.2144576,4,True,31072,0.50288033,0.1798712
nisoldipine,0.33842996,0.16035238,-0.107798874,15,True,4499,0.49878234,0.23063108
CD-437,0.4782958,0.018606424,-0.0011412688,95,True,135411,0.49690223,0.47715452
oxamflatin,0.052608564,0.44330093,-0.13234043,6,True,5353852,0.4959095,-0.07973187
RS-I-002-6,0.31686586,0.17881852,-0.2895586,17,True,60188101,0.4956844,0.027307272
melengestrol,0.44580615,0.048949365,-0.07885401,4,True,51695577,0.4947555,0.36695212
KU-C104254,0.2868149,0.2060985,-0.040717203,13,True,44630538,0.4929134,0.2460977
KUC103424N,0.33617753,0.15391158,-0.11213665,13,True,44143700,0.49008912,0.22404088
a-disintegrin-and-metalloproteinase,0.19155705,0.29765344,-0.017574705,6,True,73707601,0.4892105,0.17398235
YM-155,0.3711638,0.11435419,-0.05080138,73,True,10126189,0.48551798,0.3203624
MD-II-051,0.3506788,0.13182312,-0.31138554,17,True,72947410,0.48250192,0.03929326
clotrimazole,0.43323117,0.045691043,-0.048684552,14,True,2812,0.47892222,0.38454664
diaminoquinazoline,0.23064888,0.24799189,0.01913701,3,True,44818131,0.47864076,0.24978589
triphenyl-tin,0.36212766,0.11459905,-0.15122078,3,True,12540,0.4767267,0.21090688
idoxuridine,0.22698388,0.24958834,-0.08280292,3,True,5905,0.47657222,0.14418095
KU-C104135,0.28685296,0.18894003,-0.31578416,12,True,44607586,0.475793,-0.0289312
KU-C103869,0.2046284,0.26832822,-0.16428262,13,True,21785456,0.4729566,0.040345773
methandriol,0.43514606,0.036481097,-0.31139266,11,True,229021,0.47162718,0.1237534
mycophenolate-mofetil,0.3716741,0.09955057,-0.1145228,19,True,5281078,0.47122467,0.2571513
theobromine,0.33299953,0.13431305,-0.19042785,4,True,5429,0.46731257,0.14257167
RJC-00245SC,0.4119349,0.055003256,-0.16043249,13,True,2728620,0.46693817,0.25150242
WAY-262611,0.4285459,0.03591942,-0.19820985,4,True,25199517,0.46446532,0.23033604
HC-toxin,0.35075146,0.113208786,-0.05349271,26,True,3571,0.46396023,0.29725873
JAS07-002,0.35549772,0.10733089,-0.13301112,13,True,24747188,0.4628286,0.2224866
NNC-55-0396,0.44685602,0.015948445,-0.17234506,31,True,9957280,0.46280447,0.27451098
chrysenequinone,0.39089715,0.07169728,-0.20345241,4,True,180933,0.46259445,0.18744475
SA-426029,0.38823384,0.07130252,-0.14806922,18,True,44488194,0.45953637,0.24016462
oxyphenbutazone,0.18638927,0.2722054,-0.029973762,10,True,4641,0.45859468,0.1564155
acenocoumarol,0.41159904,0.04534962,-0.2235071,4,True,54676537,0.45694867,0.18809193
KU-C104488,0.24193504,0.21500361,-0.27974296,11,True,44640178,0.45693865,-0.03780791
TNP-470,0.23738976,0.21752517,-0.26788622,6,True,369976,0.45491493,-0.030496463
cefalotin,0.27991173,0.17498037,-0.29741886,4,True,7048637,0.4548921,-0.017507136
BG-1001,0.08900556,0.36549845,-0.36409122,6,True,3682562,0.454504,-0.27508566
iodoacetic-acid,0.22844753,0.22533983,-0.15217124,11,True,5240,0.45378736,0.07627629
triacetylresveratrol,0.2835733,0.1693266,-0.4230675,6,True,5962587,0.4528999,-0.13949421
K784-3187,0.32921773,0.12258656,-0.19492139,38,True,3689415,0.45180428,0.13429634
ISOX,0.24496306,0.20384654,-0.025704078,65,True,24951314,0.44880962,0.219259
narciclasine,0.32262254,0.12618089,0.23018593,90,True,72376,0.44880342,0.55280846
adiphenine,0.36300734,0.08548418,-0.13299695,3,True,5763,0.4484915,0.23001039
SA-424534,0.32879654,0.11807467,-0.24799004,8,True,44484592,0.44687122,0.080806494
BCI-hydrochloride,0.21472353,0.23193978,-0.13226934,25,True,5475586,0.44666332,0.08245419
avrainvillamide-analog-2,0.35021392,0.0948932,-0.045556664,44,True,73707608,0.4451071,0.30465725
SA-1922975,0.36063623,0.083444156,-0.12428249,12,True,54668348,0.44408038,0.23635375
KU-C103672,0.2681756,0.17259453,-0.22026405,12,True,44473128,0.44077015,0.047911555
Z-36,0.21685676,0.22281209,-0.25687653,4,True,71311634,0.43966883,-0.040019765
strophanthidin,0.4113468,0.02483499,0.1802442,31,True,6185,0.43618178,0.591591
paromomycin,0.42741376,0.008373663,-0.34362036,4,True,73707499,0.43578744,0.0837934
SA-1456195,0.367992,0.067177564,-0.2925158,16,True,54657953,0.43516958,0.0754762
BG-FA-0953,0.3859083,0.048071668,-0.17163333,17,True,6446335,0.43398,0.21427497
WT-171,0.25728002,0.17646158,-0.03368242,17,True,44601455,0.4337416,0.2235976
salermide,0.37881768,0.054700896,-0.032929704,60,True,42626405,0.4335186,0.34588796
loteprednol,0.3385545,0.09477396,-0.049869712,11,True,444025,0.43332845,0.2886848
lomerizine,0.39477286,0.03589934,-0.03938202,11,True,13579832,0.4306722,0.35539085
oxetane,0.36251593,0.06715155,-0.21209233,96,True,73707606,0.42966747,0.1504236
aminoresveratrol,0.2220266,0.20759517,-0.24255326,6,True,46191176,0.42962176,-0.020526662
ethynodiol,0.15062201,0.27711996,0.1270036,4,True,53315104,0.42774197,0.27762562
BG-1011,0.16297242,0.26473853,0.03371942,6,True,73707539,0.42771095,0.19669184
withaferin-a,0.2806141,0.14451095,-0.0660244,227,True,265237,0.42512506,0.21458972
flavokavain-b,0.22845398,0.19652072,-0.1775911,19,True,5356121,0.42497468,0.05086288
isoniazid,0.2604809,0.16415522,-0.005168155,3,True,3767,0.42463613,0.25531274
SR-147778,0.024690166,0.39669096,-0.19501854,6,True,9849616,0.42138112,-0.17032838
PSH-012,0.267847,0.15229101,-0.15595825,13,True,24747209,0.420138,0.11188875
cinobufagin,0.41416192,0.0022467077,0.16684692,17,True,23947601,0.41640863,0.58100885
SA-427730,0.392753,0.023234904,-0.21713333,12,True,54615594,0.4159879,0.17561968
PU-H71,0.21484318,0.19917083,-0.20574003,18,True,9549213,0.414014,0.009103149
halometasone,0.3156467,0.09694028,0.04025419,11,True,9846332,0.412587,0.35590088
hydroxyl,0.28070027,0.13106726,-0.2254324,101,True,73707605,0.41176754,0.05526787
BIIB-021,0.37128317,0.0398,-0.20659825,17,True,16736529,0.41108316,0.16468492
chloramphenicol,0.343055,0.06718509,-0.21832915,14,True,298,0.4102401,0.12472586
ZM-336372,0.3672501,0.041949302,-0.11052403,59,True,5730,0.40919942,0.2567261
minocycline,0.25478512,0.15279537,-0.09464801,3,True,44246707,0.4075805,0.16013712
KO-143,0.3851356,0.02213018,-0.13495621,59,True,10322450,0.40726578,0.25017938
tegaserod,0.22109106,0.18498366,-0.042061295,10,True,6918369,0.4060747,0.17902976
PX-12,0.21134642,0.19218947,-0.021153226,55,True,219104,0.4035359,0.19019319
lacidipine,0.3485238,0.053208113,0.054867506,15,True,5311217,0.4017319,0.4033913
flunixin,0.3307541,0.07085103,-0.38720492,4,True,38081,0.40160513,-0.056450814
SA-90030,0.3416506,0.05878698,-0.201027,12,True,44484225,0.4004376,0.1406236
tyrphostin-A9,0.1895428,0.2104766,0.07340168,30,True,5614,0.4000194,0.2629445
sulfamethoxazole,0.26098597,0.13860607,-0.12527636,3,True,5329,0.39959204,0.13570961
esatenolol,0.22753909,0.17070186,-0.13980222,4,True,180559,0.39824095,0.087736875
ZK-93423,0.2825139,0.11507405,-0.06823662,31,True,121926,0.39758795,0.21427727
nonoxynol-9,0.34094796,0.054711655,-0.16155018,19,True,72385,0.39565963,0.17939778
alprazolam,0.31399992,0.07724893,-0.25445902,11,True,2118,0.39124885,0.059540898
targinine,0.31191757,0.07841336,-0.0697899,11,True,135242,0.39033094,0.24212767
latanoprost,0.31190175,0.07766962,-0.105475485,11,True,5311221,0.38957137,0.20642626
BG-1031,0.18213709,0.20396215,-0.14907703,6,True,73707343,0.38609922,0.03306006
radicicol,0.21557479,0.16968453,-0.0923516,63,True,5311380,0.38525933,0.123223186
BG-1032,0.2726949,0.11101529,-0.4183918,6,True,16773791,0.38371018,-0.14569691
SK-383933,0.24741973,0.1346552,-0.34040946,6,True,6852375,0.38207495,-0.09298973
MD-049,0.30772144,0.07288064,-0.2038925,17,True,72947407,0.38060206,0.10382894
meglumine,0.27609938,0.10415812,-0.006333314,4,True,8567,0.3802575,0.26976606
palbociclib,0.3452497,0.03421448,-0.036482573,66,True,5330286,0.3794642,0.30876714
rolitetracycline,0.37317282,0.00427261,-0.3217268,13,True,6420073,0.37744543,0.05144602
SA-1456576,0.33196047,0.044737592,-0.21013914,8,True,54659991,0.37669808,0.12182133
fenoprofen,0.2690724,0.10689238,-0.1654506,4,True,19905833,0.3759648,0.10362181
mometasone,0.19167176,0.18387167,-0.043629266,23,True,441336,0.37554342,0.1480425
norcitalopram,0.12676093,0.24706289,-0.114718184,6,True,22094941,0.37382382,0.012042746
KU-C104137,0.25799415,0.11555226,-0.524212,12,True,44607590,0.37354642,-0.26621786
dizocilpine,0.22532693,0.14806975,-0.035645247,13,True,180081,0.3733967,0.18968168
levalbuterol,0.33490974,0.03788399,0.012950223,4,True,123600,0.37279373,0.34785995
taxifolin,0.34119052,0.029987454,0.03862381,22,True,439533,0.37117797,0.37981433
sunitinib,0.19250098,0.17803428,0.07830897,18,True,73707432,0.37053525,0.27080995
IQ1,0.2899052,0.078533396,-0.20504192,6,True,5823908,0.3684386,0.084863275
l-buthionine-sulfoximine,0.23352987,0.13233072,-0.09902624,54,True,21157,0.36586058,0.13450363
methylene-blue,0.34788963,0.015805095,-0.057468712,107,True,4139,0.36369473,0.29042092
KM-04501,0.23928581,0.123503536,-0.2173913,17,True,2820633,0.36278933,0.021894515
monensin,0.27821106,0.08389981,-0.026059292,4,True,441145,0.36211085,0.25215176
quiflapon,0.251152,0.1109495,-0.009231657,59,True,60923,0.3621015,0.24192035
MD-040,0.33345708,0.028510563,-0.4363477,17,True,73707398,0.36196765,-0.10289061
propanoic-acid,0.22952195,0.13228068,0.062627785,6,True,14182642,0.36180264,0.29214972
PSH-013,0.22391732,0.13783605,-0.054015487,15,True,6572379,0.36175337,0.16990183
KDM-103,0.24739194,0.11371308,-0.08633199,6,True,73707534,0.36110502,0.16105995
quinelorane,0.32026446,0.039012924,-0.1557193,19,True,57242,0.35927737,0.16454516
cerulenin,0.28156298,0.07755789,-0.1348987,73,True,5282054,0.35912088,0.14666428
reversine,0.3569662,0.0017194226,-0.21511441,18,True,210332,0.3586856,0.14185178
SA-1472655,0.18289982,0.17556426,0.002765879,18,True,54654429,0.35846406,0.1856657
KM-00799,0.34069932,0.01723361,-0.14776203,16,True,2819095,0.35793293,0.19293728
etamsylate,0.13812256,0.21926808,-0.14337003,4,True,23672329,0.35739064,-0.0052474737
vicriviroc,0.16182922,0.19554636,-0.14407054,17,True,73707391,0.35737556,0.017758682
loracarbef,0.32500935,0.032323144,-0.39148623,4,True,5284585,0.3573325,-0.06647688
FCCP,0.24628869,0.10948713,0.09189254,39,True,3330,0.35577583,0.33818123
sulfadimidine,0.18781611,0.16757683,-0.012345968,4,True,5327,0.35539293,0.17547014
CAY-10618,0.21009286,0.14451487,-0.025355473,59,True,44819697,0.35460773,0.18473738
etretinate,0.3033275,0.04955312,-0.2573082,4,True,5282375,0.35288063,0.046019316
lomefloxacin,0.22658744,0.12500323,-0.25541642,3,True,3948,0.3515907,-0.028828979
2-aminotetralin,0.090408295,0.26111227,-0.26420584,6,True,34677,0.35152057,-0.17379755
exifone,0.21239617,0.13910487,0.0056393426,6,True,40399,0.35150105,0.21803552
XL-147,0.3160858,0.0347417,-0.11144102,18,True,1893730,0.3508275,0.20464477
SA-1938867,0.16577911,0.18456471,-0.21320406,12,True,60184300,0.35034382,-0.047424942
SA-84869,0.24890812,0.10019289,-0.19493547,12,True,44492693,0.349101,0.053972647
propidium,0.266183,0.08291615,-0.3679523,4,True,24871268,0.34909913,-0.1017693
PF-750,0.31060928,0.038139194,-0.10614732,59,True,25154868,0.34874848,0.20446196
SA-1457415,0.28913406,0.058535367,-0.18415135,11,True,54659344,0.34766942,0.104982704
SA-1458450,0.25158834,0.09578383,-0.15818843,19,True,54657730,0.34737217,0.09339991
I-070759,0.27634802,0.067623734,0.046830848,17,True,24086306,0.34397176,0.3231789
phorbol-myristate-acetate,0.18973795,0.15391771,0.23264408,39,True,27924,0.34365565,0.42238203
methyldopa,0.15305972,0.18793443,-0.4087747,3,True,38853,0.34099415,-0.25571498
methyl-hydantoin,0.29594743,0.044893473,-0.29211494,4,True,6419931,0.3408409,0.0038324893
SA-247592,0.22312528,0.11453208,-0.16178939,12,True,44507283,0.33765736,0.06133589
ritonavir,0.07508946,0.26217288,-0.0017403066,22,True,392622,0.33726233,0.073349155
EMF-sumo1-11,0.19866723,0.13430455,-0.003164474,30,True,659031,0.33297178,0.19550276
butirosin,0.10263962,0.22987592,-0.29049057,4,True,23846564,0.33251554,-0.18785095
BJM-CSC-15,0.27352303,0.058704678,-0.10769065,38,True,24816775,0.3322277,0.16583239
ethionamide,0.11667511,0.2146137,-0.060055077,4,True,2761171,0.3312888,0.05662003
SA-3676,0.30247682,0.02728918,-0.008228458,24,True,2853908,0.329766,0.29424837
methylprednisolone,0.20444676,0.12480348,-0.21400681,13,True,6741,0.32925025,-0.009560049
YL-61,0.22619072,0.100285694,-0.29914814,11,True,73707442,0.3264764,-0.07295743
10H-phenothiazin-10-yl)(p-tolyl)methanone,0.005616285,0.32026228,-0.14904043,15,True,3473393,0.32587856,-0.14342415
oxindole-I,0.27722853,0.047757745,-0.28523046,19,True,5908088,0.32498628,-0.008001924
metitepine,0.1984359,0.12642568,-0.39862996,3,True,4106,0.3248616,-0.20019406
A-23187,0.3107305,0.012751013,0.16260207,21,True,11957499,0.3234815,0.47333255
SKF-81297,0.2590379,0.06415862,-0.13678457,25,True,11957706,0.32319653,0.12225334
vinblastine,0.09727068,0.22577116,0.07791477,61,True,6710780,0.32304186,0.17518544
cefepime,0.27016595,0.052127466,-0.43088236,4,True,73707457,0.3222934,-0.16071641
floxuridine,0.31612107,0.005974464,-0.07157098,32,True,5790,0.32209554,0.2445501
SA-1925246,0.201102,0.11921829,-0.2446405,17,True,60185177,0.3203203,-0.043538496
ganciclovir,0.16780645,0.15241079,-0.10470176,15,True,3454,0.32021725,0.06310469
KU-C103882,0.28774226,0.032383952,-0.11705798,13,True,22416251,0.3201262,0.17068428
phosphodiesterase-V-inhibitor-II,0.20264848,0.11707382,-0.17167535,19,True,11003969,0.3197223,0.030973122
hippeastrine,0.28911924,0.028995931,-0.11057417,19,True,441594,0.31811517,0.17854507
parthenolide,0.18657053,0.12929106,-0.08676335,174,True,6473881,0.31586158,0.09980717
SA-1456443,0.28591812,0.029892325,-0.01846324,15,True,54657678,0.31581044,0.26745486
nandrolone,0.21463838,0.09935191,-0.06944436,11,True,9904,0.3139903,0.14519402
tamibarotene,0.20076829,0.11130077,-0.05373142,26,True,108143,0.31206906,0.14703688
mebendazole,0.10337153,0.20718104,-0.005848661,105,True,4030,0.31055257,0.09752287
SA-90471,0.27635622,0.033214256,-0.2769571,12,True,44492894,0.3095705,-0.0006008744
oxidopamine,0.107793435,0.20117262,-0.17435926,12,True,176170,0.30896604,-0.06656583
tacedinaline,0.24029191,0.06836073,-0.106907144,130,True,2746,0.30865264,0.13338476
tigecycline,0.23886186,0.0691454,-0.093022764,72,True,73707446,0.30800724,0.1458391
ascorbic-acid,0.22671524,0.08117663,-0.024930999,17,True,73707421,0.30789188,0.20178424
parachlorophenol,0.26368192,0.04313696,-0.26947883,19,True,4684,0.30681887,-0.0057969093
JAS07-004,0.21465534,0.09170711,0.108081214,13,True,24747189,0.30636245,0.32273656
reichstein,0.16442084,0.14183015,0.02969516,13,True,227112,0.306251,0.194116
cerivastatin,0.20086634,0.10484883,0.030972213,11,True,23663992,0.30571517,0.23183855
methoxypyruvic-acid,0.080468565,0.22456872,-0.035057887,6,True,44721090,0.3050373,0.045410678
p-aminophenethylspiperone,0.22578168,0.07848956,-0.21845196,6,True,125085,0.30427122,0.0073297173
D-64406,0.22776444,0.07629101,-0.10379907,19,True,5330535,0.30405545,0.123965375
florfenicol,0.10316256,0.20013684,-0.05894301,4,True,114811,0.3032994,0.044219546
BX-795,0.20303829,0.10022357,0.22876593,59,True,10077147,0.30326188,0.43180424
NVP-AUY922,0.2606905,0.042562157,-0.17475465,143,True,10096043,0.30325267,0.08593586
chlorhexidine,0.2782924,0.024132702,-0.05823379,7,True,12303047,0.3024251,0.22005859
nitazoxanide,0.2603789,0.041234568,0.05210004,11,True,41684,0.30161345,0.31247893
K1448,0.06329994,0.23698768,-0.01778239,4,True,44507272,0.3002876,0.04551755
SA-1458026,0.1417049,0.1564709,-0.19544843,12,True,54658402,0.2981758,-0.053743526
saclofen,0.213758,0.08421117,-0.009561589,19,True,122150,0.29796916,0.20419642
SNS-314,0.25502598,0.042192012,-0.16059895,17,True,24995524,0.297218,0.094427034
ENMD-2076,0.24437968,0.05235403,-0.08587445,47,True,16041424,0.2967337,0.15850523
MW-A1-12,0.10629149,0.19033793,-0.061446417,59,True,701939,0.29662943,0.04484507
I-606051,0.2849878,0.011343323,0.18229322,11,True,23891056,0.29633114,0.46728104
alcuronium,0.0056723133,0.29047048,-0.20698686,4,True,73707450,0.2961428,-0.20131454
BG-1024,0.10605262,0.18990272,-0.21956643,6,True,73707542,0.29595536,-0.11351381
KUC103893N,0.13334897,0.16184247,0.00037890673,13,True,44601470,0.29519144,0.13372788
procaterol,0.2804917,0.014697462,-0.046193004,27,True,4916,0.29518917,0.2342987
Ro-28-1675,0.2781742,0.016977936,-0.05434853,95,True,9886086,0.29515213,0.22382566
dofetilide,0.19771278,0.09743199,-0.17164305,11,True,71329,0.29514477,0.02606973
SD-6-035-A9,0.16916627,0.12567347,-0.029010355,13,True,44620122,0.29483974,0.14015591
vindesine,0.039232846,0.25515866,-0.06334907,11,True,40839,0.2943915,-0.024116222
alfacalcidol,0.25529808,0.038637996,0.04351007,15,True,73707426,0.29393607,0.29880816
BAY-K8644,0.13812123,0.15426703,-0.24264473,6,True,2303,0.29238826,-0.104523495
U-0126,0.20594749,0.08641111,-0.15547484,49,True,3006531,0.2923586,0.050472647
tosedostat,0.2768618,0.015151935,-0.039837494,67,True,15547703,0.29201373,0.23702429
aminocaproic-acid,0.19450977,0.09582485,-0.29831997,4,True,564,0.29033464,-0.10381019
JLK-6,0.09200758,0.19787107,-0.09622775,19,True,3803,0.28987867,-0.0042201728
nelfinavir,0.25884524,0.02958168,-0.046335272,29,True,64142,0.28842694,0.21250996
pivampicillin,0.11481347,0.17328912,0.017045032,4,True,73707476,0.2881026,0.1318585
SA-1456170,0.27969688,0.008244779,-0.18787716,8,True,54658651,0.28794166,0.09181972
bisphenol-a,0.26636788,0.02089756,-0.16174959,3,True,6623,0.28726545,0.104618296
SA-247636,0.22456148,0.060792036,-0.06857556,12,True,44507299,0.2853535,0.15598592
GNF-2,0.21398245,0.07117346,-0.18311396,65,True,5311510,0.2851559,0.030868486
CP-466722,0.21244223,0.07167213,-0.05589649,65,True,44551660,0.28411436,0.15654574
mammea-a,0.17466296,0.107802,0.02017054,19,True,5748555,0.28246498,0.1948335
KN-93,0.25487223,0.027167842,-0.09533071,19,True,5312122,0.28204006,0.15954152
darifenacin,0.13081244,0.14984092,-0.18729591,4,True,444031,0.28065336,-0.056483477
ARG-A1-2,0.13965973,0.1408441,-0.07249926,13,True,2785467,0.28050384,0.06716047
tangeritin,0.23183063,0.048621655,-0.0872262,19,True,68077,0.28045228,0.14460443
bifonazole,0.1942687,0.08533837,0.016266607,11,True,2378,0.27960706,0.21053532
megestrol-acetate,0.056547116,0.22119668,-0.04432229,8,True,6710729,0.2777438,0.012224827
MG-132,0.183632,0.0935802,0.049880937,72,True,462382,0.2772122,0.23351294
HMN-214,0.13791305,0.13894425,0.084390365,66,True,9888590,0.27685732,0.22230342
cyproheptadine,0.26600397,0.010327134,-0.036506582,16,True,2913,0.2763311,0.22949739
allopurinol,0.15337083,0.122193664,-0.20288053,4,True,2094,0.2755645,-0.049509704
FU-JMBII113B,0.072359614,0.20288293,-0.052499563,15,True,24856224,0.27524254,0.019860052
oxolamine,0.065799296,0.20891759,-0.056357414,4,True,13738,0.27471688,0.009441882
JAK3-inhibitor-V,0.14441928,0.13017815,-0.23601818,19,True,3799,0.27459744,-0.0915989
ifenprodil,0.14112309,0.13257357,-0.20389935,14,True,6419987,0.27369666,-0.06277627
SA-247615,0.17173916,0.10182541,-0.14538567,25,True,44507291,0.27356458,0.026353493
SIB-1553A,0.07198122,0.20101778,0.004152762,6,True,5310968,0.272999,0.07613398
SA-1458985,0.13785511,0.13442856,-0.23288819,19,True,54657732,0.27228367,-0.09503308
avicin-g,0.27082768,0.0012624972,-0.12205632,94,True,73707604,0.27209017,0.14877136
leoidin,0.19381763,0.07824904,-0.16281459,19,True,3310692,0.27206665,0.031003043
VU-0365121-1,0.0040944517,0.26704115,0.16279146,12,True,53338864,0.2711356,0.16688591
UTMB-00530,0.23037934,0.040124312,-0.0949644,13,True,44143772,0.27050364,0.13541494
epothilone-a,0.15607765,0.11410029,-0.015428763,17,True,448799,0.27017796,0.14064889
J-104129,0.20260859,0.06730978,-0.058090337,19,True,9821459,0.26991838,0.14451826
HNHA,0.17837924,0.09126578,-0.04190953,18,True,16126782,0.26964504,0.1364697
elvitegravir,0.24929342,0.01975318,-0.17182998,14,True,5277135,0.2690466,0.07746343
bufexamac,0.15626113,0.112473264,-0.02734837,3,True,2466,0.2687344,0.12891276
foxy-5,0.15032753,0.11713193,-0.06110857,6,True,44628955,0.26745945,0.08921896
emedastine,0.1570318,0.11038268,0.06740758,4,True,3219,0.26741448,0.22443938
SA-1938862,0.23823841,0.028560117,-0.046861812,12,True,60186945,0.26679853,0.1913766
artemether,0.22412187,0.040586367,0.044021726,10,True,68911,0.26470822,0.2681436
rimonabant,0.21427906,0.049732655,-0.11403274,6,True,104850,0.2640117,0.10024632
SA-1938757,0.19908492,0.06287067,-0.13919847,12,True,60186845,0.2619556,0.059886456
flumetasone,0.07409774,0.18683416,0.01204331,38,True,5702178,0.2609319,0.08614105
SA-441145,0.21730262,0.043044582,-0.19219181,16,True,44616431,0.2603472,0.025110811
m-3M3FBS,0.24379013,0.015457928,-0.12529296,78,True,761523,0.25924808,0.11849718
YS-035,0.07879505,0.17994657,-0.083030276,19,True,6917841,0.25874162,-0.004235223
MW-SHH-28,0.12954736,0.12828347,-0.022139747,101,True,70680396,0.25783083,0.107407615
SCH-442416,0.19531089,0.061426133,-0.086514056,19,True,10668061,0.25673702,0.108796835
erbstatin-analog,0.20064662,0.05523172,-0.3092726,11,True,5353609,0.25587833,-0.10862596
SIB-1757,0.16814128,0.087458715,-0.052278697,19,True,6304902,0.25559998,0.11586258
SA-1462678,0.21968608,0.035387058,-0.12956026,12,True,54657141,0.25507313,0.090125814
vanillyl-glycol,0.0610259,0.19323781,0.14768375,6,True,161566,0.2542637,0.20870966
chlordiazepoxide,0.18972561,0.064172864,-0.018305779,13,True,2712,0.25389847,0.17141983
trolox,0.24923366,0.004535202,-0.29783174,4,True,40634,0.25376886,-0.04859808
AZD-7545,0.19412078,0.05895599,-0.12802152,59,True,16741245,0.25307676,0.06609926
L-750667,0.20721593,0.045455962,-0.08930642,19,True,6603897,0.2526719,0.11790951
tanespimycin,0.15770492,0.09454923,-0.10933386,198,True,73707384,0.25225416,0.04837106
dalcetrapib,0.20434812,0.04709211,-0.009876188,58,True,6918540,0.25144023,0.19447193
VU-0366037-2,0.23123126,0.020141482,0.007426163,13,True,46869941,0.25137275,0.23865741
calcifediol,0.1696649,0.08152421,-0.121365935,27,True,5283731,0.2511891,0.04829897
TUL_XX087,0.17348668,0.07587123,-0.030246394,32,True,22121918,0.24935791,0.14324029
vincristine,0.075507514,0.17365006,0.014107032,60,True,6324671,0.24915758,0.08961455
7b-cis,0.16028684,0.0885443,-0.06594516,59,True,44589607,0.24883115,0.09434168
AZD-8330,0.21260466,0.03611905,-0.08842936,48,True,16666708,0.24872372,0.124175295
ST-013960,0.11502427,0.13337965,0.10288776,17,True,2300880,0.24840392,0.21791202
quinoclamine,0.18263376,0.06502449,-0.0024317931,70,True,17748,0.24765825,0.18020196
KU-C104133,0.23411894,0.013393909,-0.13369957,13,True,44602404,0.24751285,0.10041937
SA-1919710,0.20001858,0.045783676,-0.07785247,12,True,54668959,0.24580225,0.12216611
SKI-II,0.23846266,0.0072105955,-0.0482648,125,True,753704,0.24567325,0.19019786
mestanolone,0.07731365,0.16825917,0.040916167,11,True,10633,0.24557282,0.118229814
pyrantel,0.06483236,0.18058735,-0.0019246936,3,True,708857,0.24541971,0.062907666
isorotenone,0.03470075,0.21043417,0.05796183,19,True,6453092,0.24513492,0.09266258
methyl-fasudil,0.17655164,0.06794428,-0.09070652,32,True,9951687,0.24449593,0.08584512
chloroform,0.17498592,0.06920206,-0.027133033,3,True,6212,0.24418798,0.14785288
SKF-82958,0.16176888,0.082356416,0.07013139,6,True,1225,0.2441253,0.23190027
BO2-inhibits-RAD51,0.17263734,0.07096957,-0.17368239,59,True,5738263,0.24360691,-0.0010450482
carbidopa,0.20019554,0.043190077,-0.14966762,35,True,2563,0.24338561,0.050527915
suprofen,0.17880169,0.06414124,-0.095624104,4,True,5359,0.24294293,0.08317758
salbutamol,0.2399365,0.002800569,-0.11299051,14,True,2083,0.24273707,0.12694599
methylatropine,0.14048664,0.10097988,-0.20505813,4,True,51371412,0.24146652,-0.064571485
sonidegib,0.14798547,0.092907265,-0.17740573,59,True,24775005,0.24089274,-0.029420257
GW-405833,0.22539893,0.015312537,-0.016700376,78,True,9911463,0.24071147,0.20869856
SA-85148,0.16349538,0.07495271,-0.18643627,12,True,44488330,0.23844808,-0.022940889
KU-C103420N,0.033933017,0.2043951,0.12699142,13,True,44143698,0.23832811,0.16092443
givinostat,0.085663654,0.1519752,-0.105941035,17,True,9804992,0.23763886,-0.020277381
BG-1016,0.14079179,0.0952714,-0.25396007,6,True,16793302,0.23606318,-0.113168284
lomifylline,0.06290435,0.17280743,-0.03168848,11,True,65599,0.23571178,0.031215869
mocimycin,0.03656744,0.19765475,-0.076878324,19,True,24069689,0.23422219,-0.040310886
SA-1462246,0.11061594,0.123525895,-0.058531605,12,True,54655268,0.23414183,0.052084334
iohexol,0.10509722,0.12824416,0.018165722,4,True,3730,0.23334138,0.12326294
norgestrel,0.11606539,0.116632566,-0.10762762,23,True,5702096,0.23269796,0.008437768
BIBR-1532,0.09533663,0.136798,-0.058345422,59,True,9927531,0.23213463,0.03699121
stavudine,0.16037019,0.07002525,0.03527387,26,True,18283,0.23039544,0.19564405
L-690488,0.10572265,0.12343463,-0.025255278,59,True,5132514,0.22915728,0.08046737
bafilomycin,0.16220862,0.06656357,-0.07583098,12,True,53321987,0.2287722,0.086377636
piceatannol,0.18719271,0.04122217,-0.02924142,59,True,4813,0.22841488,0.1579513
avrainvillamide-analog-6,0.16713242,0.061071686,-0.01573132,48,True,73707611,0.2282041,0.1514011
UGISS-451,0.18004805,0.04809004,-0.03769669,17,True,24094187,0.22813809,0.14235136
rotenone,0.088303566,0.13968112,0.004334584,77,True,6758,0.22798468,0.09263815
pyroxamide,0.1166888,0.11110759,-0.032444343,17,True,4996,0.22779639,0.08424446
medrysone,0.05630064,0.17076555,-0.055346623,53,True,5702081,0.22706619,0.00095401704
calmidazolium,0.21665886,0.00946133,0.029503405,31,True,2531,0.22612019,0.24616227
aminobenztropine,0.15787464,0.06807687,-0.23440196,6,True,62872,0.22595152,-0.07652731
halcinonide,0.019209318,0.20629887,-0.10765333,23,True,443943,0.22550818,-0.08844401
SA-1458306,0.2167446,0.008561754,-0.1532548,22,True,54657751,0.22530636,0.063489795
thiamine,0.0033987984,0.22135995,-0.05497587,4,True,6042,0.22475874,-0.051577073
KIN001-242,0.21688923,0.007304406,-0.19646609,66,True,56965963,0.22419363,0.020423144
SA-1460008,0.101175174,0.12301145,-0.06695426,8,True,54658423,0.22418663,0.03422091
pentamidine,0.17511241,0.048734926,0.09193346,16,True,359323,0.22384733,0.26704586
tinidazole,0.16265754,0.060901135,-0.2670089,17,True,5479,0.22355868,-0.10435136
VU-0424206-1,0.20569885,0.017419912,-0.25838706,12,True,46943258,0.22311875,-0.05268821
KU-C104140,0.1762442,0.044312574,-0.21180516,13,True,44607592,0.22055677,-0.035560966
entinostat,0.12670606,0.09371737,0.0037150383,131,True,4261,0.22042343,0.1304211
SA-102042,0.20901704,0.011261214,-0.07235698,6,True,44504286,0.22027825,0.13666007
ZK-164015,0.14553885,0.07465407,0.08102073,19,True,9806489,0.22019292,0.22655958
flunisolide,0.19008416,0.029906552,-0.0645352,54,True,5702174,0.21999072,0.12554896
KU-C104219,0.15374692,0.065020196,-0.120570675,13,True,44623834,0.2187671,0.033176243
pelitinib,0.19387501,0.024503643,-0.19465849,48,True,6445562,0.21837866,-0.00078347325
KF-38789,0.042811528,0.17387533,0.012394533,19,True,5310849,0.21668686,0.05520606
methapyrilene,0.14094535,0.07543832,-0.11833156,17,True,8667,0.21638367,0.022613786
BML-266,0.15947069,0.054481085,0.06807523,6,True,2817242,0.21395178,0.22754592
fluticasone,0.12466174,0.088978164,-0.08152205,40,True,44483336,0.21363991,0.043139696
SA-1459234,0.08887029,0.1241492,-0.058925427,19,True,54657607,0.21301949,0.02994486
SA-422830,0.13538936,0.077272855,-0.24341202,21,True,44488751,0.21266222,-0.10802266
cefuroxime,0.14552091,0.06603426,-0.33690664,15,True,5361202,0.21155517,-0.19138573
VU-0402605,0.10171959,0.109016076,0.12250605,13,True,44247543,0.21073566,0.22422564
SA-247582,0.18601155,0.024203531,-0.06622402,12,True,44508028,0.21021509,0.11978753
rifabutin,0.17777863,0.032131046,-0.13502628,33,True,57448257,0.20990968,0.042752355
valdecoxib,0.17277226,0.036988825,-0.09402855,69,True,119607,0.20976108,0.07874371
TW-37,0.05719641,0.1516062,0.07041546,57,True,11455910,0.20880261,0.12761188
ZM-241385,0.029819138,0.17839739,-0.022438213,19,True,176407,0.20821652,0.007380925
KUC104240N,0.13985676,0.06833276,0.011272043,13,True,1282817,0.20818952,0.1511288
DG-041,0.16404419,0.042370558,0.08928018,59,True,11296282,0.20641474,0.25332436
gamma-linolenic-acid,0.15865728,0.047746688,-0.27322397,19,True,5280933,0.20640397,-0.114566684
phenelzine,0.17977694,0.026126683,-0.036205955,27,True,61100,0.20590362,0.14357099
SR-48692,0.09590818,0.10998371,-0.16706312,6,True,119192,0.20589189,-0.07115494
tetracaine,0.09718417,0.10809025,-0.022388913,4,True,8695,0.20527442,0.07479525
SA-1017940,0.17345862,0.031505376,-0.021416008,23,True,44507247,0.204964,0.15204261
ingenol,0.01705265,0.18781623,0.22001433,107,True,5225086,0.20486888,0.23706698
eudesmic-acid,0.17771009,0.027009027,-0.10088916,8,True,8357,0.20471911,0.076820925
KU-C104493,0.12772703,0.076530695,0.11717799,13,True,44640176,0.20425773,0.24490502
WY-01-045,0.13430242,0.06994675,-0.098175414,101,True,70680407,0.20424917,0.03612701
elesclomol,0.13912019,0.064471185,-0.117969275,59,True,300471,0.20359138,0.021150917
Ro-08-2750,0.15391111,0.048756126,-0.02270194,18,True,17756791,0.20266724,0.13120918
oleanolic-acid,0.12003222,0.08097519,-0.00486381,8,True,6708573,0.20100741,0.11516841
MK-2206,0.172234,0.028265778,-0.041033193,107,True,24964624,0.20049977,0.1312008
trans-bis-q,0.111621045,0.08831235,-0.12836277,6,True,133795,0.1999334,-0.01674173
HA-1004,0.08844578,0.11114536,-0.12819806,19,True,3546,0.19959114,-0.039752275
SR-142948,0.18861896,0.010612356,-0.06531796,24,True,5311451,0.19923131,0.123301
SA-1456570,0.13889007,0.060094208,-0.1275631,15,True,54657740,0.19898428,0.011326969
cortisol,0.021342762,0.17701149,0.0462677,4,True,73707472,0.19835424,0.06761046
medroxyprogesterone,0.053582758,0.14379399,-0.19503306,24,True,10631,0.19737674,-0.1414503
dinoprost,0.12792873,0.06879331,-0.24511792,4,True,73707481,0.19672205,-0.117189184
alisertib,0.16752735,0.029190361,0.010578766,48,True,24771867,0.19671771,0.17810611
hyperoside,0.16282527,0.033864617,0.066915095,11,True,5281643,0.19668989,0.22974037
arachidonyl-trifluoro-methane,0.1612631,0.034858175,-0.07555488,91,True,5280436,0.19612128,0.085708216
CVF-SUMO-7,0.1037692,0.09165689,0.041383535,11,True,51003695,0.19542609,0.14515273
balsalazide,0.12160707,0.069312595,-0.28965062,12,True,6335412,0.19091967,-0.16804355
oligomycin-c,0.1886058,0.0013958588,-0.11422173,11,True,5281901,0.19000167,0.07438407
pyrazolanthrone,0.18297377,0.006581813,-0.035429507,73,True,8515,0.18955559,0.14754426
XMD-892,0.1793148,0.010149047,-0.07487058,65,True,46843772,0.18946385,0.10444423
epinephrine-(racemic),0.14521638,0.043481857,-0.10998789,15,True,5924,0.18869823,0.035228483
KU-C104227,0.15431114,0.034334138,-0.035360653,13,True,44623840,0.18864527,0.118950486
kaempferol,0.11733271,0.07113989,0.06516734,6,True,5280863,0.1884726,0.18250005
alendronic-acid,0.003669491,0.1845814,-0.055277772,10,True,2088,0.18825088,-0.05160828
remacemide,0.17461404,0.0134133175,-0.123740256,30,True,60510,0.18802735,0.050873786
SR-144528,0.13779536,0.05018569,-0.008778315,6,True,73707587,0.18798105,0.12901704
hexamethyleneamiloride,0.17089158,0.015563565,-0.024167273,18,True,1794,0.18645515,0.14672431
ST-001903,0.08275525,0.10349801,-0.046686605,17,True,674282,0.18625326,0.036068648
goserelin,0.02448257,0.16131766,-0.019666143,13,True,23581804,0.18580022,0.004816428
SA-247384,0.15112633,0.034254313,0.01744011,21,True,44506630,0.18538064,0.16856644
glycopyrrolate,0.042263784,0.14301881,-0.07847684,28,True,11693,0.18528259,-0.036213055
L-701252,0.16999227,0.0152644515,-0.19561724,17,True,4237309,0.18525672,-0.025624976
treprostinil,0.13132074,0.05374553,0.10746229,17,True,73707411,0.18506628,0.23878303
alvespimycin,0.061684553,0.12267922,-0.06595744,42,True,73707383,0.18436377,-0.0042728893
hexetidine,0.09812191,0.0854861,-0.16165152,4,True,3607,0.18360801,-0.06352961
gabexate,0.12111962,0.06196837,-0.084508404,34,True,3447,0.18308799,0.036611214
SA-94315,0.15826736,0.024539456,-0.09744221,25,True,44488016,0.18280682,0.060825154
betulinic-acid,0.11599645,0.06656015,-0.15363115,19,True,64971,0.1825566,-0.0376347
triclabendazole,0.17476219,0.0077158213,0.11057302,11,True,50248,0.18247801,0.2853352
indinavir,0.031974897,0.1504852,-0.10404038,11,True,5462355,0.1824601,-0.07206548
gavestinel,0.18012105,0.0020381287,-0.034991078,19,True,6450546,0.18215919,0.14512998
SA-1472542,0.112357244,0.06979552,-0.026018105,18,True,54654463,0.18215276,0.08633914
xylazine,0.044334628,0.13662021,-0.100164056,23,True,5707,0.18095484,-0.055829428
MW-STK33-2C,0.16016065,0.020694025,-0.062317196,17,True,5723983,0.18085468,0.09784345
saquinavir,0.1471863,0.03309036,-0.03394881,34,True,441243,0.18027666,0.113237485
CP-724714,0.1446885,0.035573944,-0.0684412,82,True,9874913,0.18026245,0.076247305
GR-79236,0.056072038,0.123799786,0.0745821,19,True,9884817,0.17987183,0.13065414
erlotinib,0.17057383,0.009181127,-0.13819525,70,True,176871,0.17975496,0.032378584
SA-434027,0.122832745,0.056875423,0.046414424,18,True,54614984,0.17970817,0.16924717
5-FP,0.13723598,0.041357845,-0.04803206,11,True,101498,0.17859383,0.089203924
SD-6-035-A12,0.06887624,0.10827751,-0.012677031,27,True,46903876,0.17715374,0.056199208
VU-0366968,0.09525499,0.081801265,-0.012177885,13,True,44129591,0.17705625,0.0830771
fillalbin,0.02121922,0.15501189,-0.04231678,19,True,933171,0.17623112,-0.02109756
VEGF-receptor-2-kinase-inhibitor-IV,0.12906374,0.046977684,-0.005430147,8,True,5329468,0.17604142,0.12363359
MW-SHH-61,0.13844632,0.036962204,-0.10114014,101,True,70680406,0.17540851,0.037306175
ST-023431,0.17056811,0.0045448914,0.02071637,17,True,6732844,0.17511299,0.19128448
terreic-acid-(-),0.035290197,0.13963726,0.014639141,24,True,44483234,0.17492746,0.049929336
cisplatin,0.13856539,0.03570383,-0.0956416,54,True,18317220,0.17426923,0.042923793
KU-C103658,0.026173048,0.14752942,0.03493032,13,True,11219195,0.17370248,0.061103366
2-(biphenyl-4-ylsulfonamido)pentanedioic-acid,0.12427922,0.049403965,-0.02872315,15,True,644601,0.1736832,0.09555607
CS-2092524,0.019431079,0.15400806,-0.05648234,13,True,2814135,0.17343915,-0.03705126
SD-6-035-B3,0.048754476,0.12443358,0.08407286,27,True,44497312,0.17318806,0.13282734
levomepromazine,0.1254102,0.0475521,0.0014570057,23,True,45479743,0.17296231,0.1268672
clinafloxacin,0.06632887,0.10577123,0.03381282,4,True,60063,0.1721001,0.10014169
rivastigmine,0.11930478,0.051786788,0.023761526,4,True,77991,0.17109157,0.14306632
totaralolal,0.022096595,0.14834899,-0.024855047,19,True,6708512,0.17044558,-0.0027584527
CI-976,0.0780687,0.09200591,0.016635679,59,True,122327,0.17007461,0.09470438
LE-135,0.13886915,0.029985785,0.049436197,78,True,10410894,0.16885494,0.18830535
cyclophosphamide,0.11338278,0.055464923,-0.107043855,29,True,22420,0.16884771,0.006338924
nintedanib,0.1518106,0.016796947,-0.043554023,48,True,9809715,0.16860755,0.10825658
avicin-d,0.14863162,0.019332966,-0.08209756,98,True,73707595,0.16796458,0.06653406
raltegravir,0.040548015,0.12692529,0.15132129,17,True,54671008,0.1674733,0.1918693
etifenin,0.126459,0.040712953,-0.01186946,23,True,170344,0.16717196,0.11458954
pimozide,0.13583799,0.030759044,-0.0052541494,86,True,16362,0.16659704,0.13058384
GW-501516,0.039494738,0.12621117,-0.035237994,18,True,9803963,0.1657059,0.004256744
TCDD-dioxin,0.09723048,0.068375774,-0.15352246,3,True,15625,0.16560626,-0.056291983
iriflophenone,0.097603515,0.067550644,-0.114957385,8,True,6710752,0.16515416,-0.01735387
hydrocortisone,0.029069245,0.13494816,-0.0057288,44,True,5320346,0.16401741,0.023340445
isoliquiritigenin,0.048972413,0.11449689,-0.063940756,59,True,638278,0.1634693,-0.014968343
closantel,0.14374815,0.019112185,-0.18249276,4,True,42574,0.16286033,-0.038744614
didanosine,0.095725335,0.06687505,-0.033739746,14,True,50599,0.16260038,0.06198559
STOCK1S-03920,0.06874258,0.09365682,-0.06902483,17,True,5286534,0.16239941,-0.00028225034
ibrutinib,0.15252134,0.008704492,-0.14419718,48,True,16126651,0.16122584,0.008324161
UBP-302,0.11999363,0.039980844,-0.0373659,19,True,11674376,0.15997447,0.08262773
DASB,0.096626624,0.061135918,0.3419278,6,True,73707560,0.15776254,0.4385544
GW-441756,0.1527297,0.0048078597,-0.11437406,37,True,9943465,0.15753756,0.03835565
bulleyaconitine-a,0.13872881,0.018364131,-0.21620935,19,True,44634652,0.15709294,-0.07748054
nefazodone,0.12857112,0.028392348,-0.011608377,30,True,54911,0.15696347,0.116962746
aminohippuric-acid,0.024960078,0.13121888,0.1535576,4,True,2148,0.15617895,0.17851767
ARG-CSC-81,0.058583055,0.097192466,-0.028656323,13,True,897475,0.15577552,0.029926732
VU-0415535-1,0.055725683,0.10001678,-0.14969185,12,True,45489405,0.15574247,-0.09396617
rufloxacin,0.11808556,0.036848724,0.008957565,15,True,58258,0.15493429,0.12704313
KDM-096,0.077791885,0.07703067,-0.03309171,6,True,681615,0.15482256,0.044700176
carnosol,0.090186864,0.06450432,-0.20438066,6,True,442009,0.15469119,-0.1141938
JAS07-005,0.11171975,0.0425771,0.024704318,15,True,24747193,0.15429685,0.13642406
SKF-86002,0.0876834,0.066331,-0.13662516,19,True,5228,0.15401441,-0.048941754
JTE-907,0.092684,0.06091106,0.034837395,19,True,9867770,0.15359506,0.1275214
HU-211,0.07210673,0.081137985,0.10146172,17,True,9886498,0.1532447,0.17356846
dimaprit,0.105540976,0.047368575,0.0031481832,4,True,3077,0.15290955,0.10868916
andarine,0.12664166,0.026209295,0.011359325,17,True,9824562,0.15285096,0.13800098
GR-144053,0.07105313,0.08134285,-0.06305027,19,True,173614,0.152396,0.008002862
acetylcholine,0.014330864,0.13804895,-0.075659916,11,True,93565,0.15237981,-0.06132905
NNC-63-0532,0.11401419,0.038275838,-0.09036055,19,True,3906780,0.15229003,0.023653641
AT-CSC-07,0.13359375,0.018398438,-0.074199766,12,True,6538121,0.15199219,0.059393987
U0126,0.06359152,0.08815025,-0.11442056,19,True,3006531,0.15174177,-0.050829045
clofazimine,0.023409272,0.12748745,0.08333021,14,True,2794,0.15089673,0.10673948
penciclovir,0.076924436,0.0728371,-0.06780137,15,True,4725,0.14976153,0.009123065
ICI-199441,0.078655615,0.070449725,-0.044653423,19,True,3082718,0.14910534,0.034002192
XMD-1150,0.12565717,0.023266856,-0.04297925,78,True,46843906,0.14892402,0.082677916
ixazomib,0.120602325,0.027836397,-0.0024888623,70,True,25183872,0.14843872,0.118113466
DL-PDMP,0.09479215,0.05306022,0.074755095,95,True,16219895,0.14785236,0.16954724
RS-56812,0.01803599,0.12968531,-0.07122936,19,True,6604789,0.1477213,-0.05319337
KU-C104250,0.12787038,0.01908639,-0.16065119,13,True,44629742,0.14695677,-0.03278081
atractyloside,0.0122532435,0.13446929,0.026064977,4,True,73707514,0.14672253,0.03831822
TCB2,0.06719332,0.07942659,0.05440197,19,True,16046239,0.14661992,0.12159529
canrenone,0.106974855,0.039518792,0.22381105,4,True,7061052,0.14649364,0.3307859
ursolic-acid,0.12872456,0.01728033,-0.07337461,70,True,64945,0.14600489,0.055349953
ranolazine,0.11067176,0.03512957,-0.03302881,34,True,56959,0.14580134,0.07764295
isoflupredone-acetate,0.048762105,0.09677581,-0.13775526,19,True,224246,0.14553791,-0.088993154
demecarium,0.09926918,0.04570896,-0.28897482,4,True,25163033,0.14497814,-0.18970564
GANT-58,0.059057653,0.08548349,0.043897107,59,True,253078,0.14454114,0.10295476
pargyline,0.06846194,0.07496733,0.03850475,22,True,9373,0.14342928,0.10696669
SA-1458487,0.053229786,0.0894417,-0.03238062,15,True,54657738,0.1426715,0.020849168
SB-200646,0.07677794,0.06569337,-0.042541176,19,True,126769,0.14247131,0.034236766
VER-155008,0.09763213,0.04476714,-0.055185035,59,True,25195348,0.14239928,0.042447098
KUC111109N,0.07166929,0.07038957,-0.01223278,101,True,56928031,0.14205885,0.059436508
PNU-74654,0.09756993,0.04328253,0.07681869,65,True,9836739,0.14085245,0.17438862
IC-261,0.028950708,0.11137025,-0.029127523,27,True,5288600,0.14032096,-0.00017681532
parbendazole,0.06549172,0.07297991,-0.08412422,75,True,26596,0.13847163,-0.018632501
sulmazole,0.10294116,0.03552358,-0.05901812,19,True,55690,0.13846475,0.043923043
KU-C103884,0.08791888,0.049890578,-0.1702953,13,True,44593869,0.13780946,-0.08237642
selegiline,0.0843157,0.053487115,0.061454758,26,True,26758,0.13780281,0.14577046
glafenine,0.069204465,0.06836412,0.062011633,3,True,3474,0.1375686,0.1312161
tetrachloroethylene,0.105124705,0.032138787,-0.16869673,3,True,31373,0.13726349,-0.06357203
ibuprofen-(S),0.1327143,0.004393518,0.061339617,23,True,39912,0.13710782,0.19405392
SA-1938421,0.07180958,0.06508173,0.030431487,12,True,60184097,0.1368913,0.10224107
formoterol,0.12563583,0.011181071,-0.10899774,34,True,44483332,0.1368169,0.016638093
SA-1939126,0.11990431,0.016802859,-0.12337409,12,True,60186762,0.13670717,-0.00346978
KU-C104255,0.0028715283,0.13362391,-0.054906532,13,True,44630540,0.13649544,-0.052035004
avrainvillamide-analog-4,0.13009782,0.0063278973,-0.061711505,48,True,11852606,0.13642572,0.06838632
fluticasone-propionate,0.029177038,0.10703996,-0.050929174,30,True,444036,0.136217,-0.021752136
timolol,0.037415102,0.098622374,0.05801329,34,True,5281056,0.13603747,0.09542839
isoreserpine,0.03986243,0.09603651,-0.0935822,19,True,5701996,0.13589895,-0.053719766
JTE-013,0.13349302,0.0022843555,-0.08644843,19,True,10223146,0.13577738,0.04704459
methylnorlichexanthone,0.03500737,0.099288456,0.06519784,8,True,5377914,0.13429582,0.10020521
docetaxel,0.08791357,0.046295777,0.00060230866,32,True,73707388,0.13420935,0.08851588
FU-JMBII227B,0.07457881,0.05909922,-0.16582143,15,True,24856238,0.13367802,-0.09124263
6-nitronorepinephrine,0.07358307,0.059996005,0.2098555,6,True,44287635,0.13357908,0.28343856
SA-101686,0.035833262,0.09698775,-0.10264604,12,True,44502203,0.13282101,-0.066812776
SD-6-035-A3,0.103240356,0.029121637,0.038570046,13,True,49843054,0.132362,0.1418104
RAN-29,0.10940895,0.022817433,-0.115403056,17,True,46238405,0.13222638,-0.005994104
ryanodine,0.09180323,0.04007332,0.046510518,19,True,6610313,0.13187656,0.13831374
benzatropine,0.06119262,0.07003793,-0.07739967,15,True,238053,0.13123055,-0.01620705
MK-1775,0.028131515,0.10271263,0.044124816,107,True,24856436,0.13084415,0.07225633
KU-C103671,0.05464588,0.07609162,-0.026239868,13,True,1510378,0.1307375,0.028406013
telmisartan,0.112391934,0.017905056,-0.091651395,34,True,65999,0.13029699,0.020740539
FU-JMBII127B,0.021952152,0.10827555,-0.015389897,15,True,24856313,0.1302277,0.0065622553
STO-609,0.022378817,0.107385695,0.08653335,19,True,3467590,0.12976451,0.10891217
rimantadine,0.075803876,0.053818226,-0.090485886,15,True,15165,0.1296221,-0.01468201
6-nitrodopamine,0.04316062,0.08640823,-0.030799836,6,True,10932412,0.12956885,0.012360785
apramycin,0.060493566,0.068275064,-0.02416917,4,True,23958199,0.12876862,0.036324397
PD-123319,0.10258211,0.02562648,-0.026779626,19,True,4701,0.12820859,0.07580249
SA-424589,0.003791729,0.12414436,-0.06349395,25,True,44489864,0.1279361,-0.059702225
diosmin,0.016757108,0.11108392,0.0034794211,4,True,5281613,0.12784103,0.02023653
ethoxyquin,0.12287041,0.004648149,-0.0026340634,4,True,3293,0.12751856,0.120236345
bethanechol,0.075760886,0.05159123,-0.24296036,15,True,11548,0.12735212,-0.16719948
dimethylnitrosamine,0.12544975,0.0016644746,0.006157115,3,True,6124,0.12711422,0.13160686
trichlormethiazide,0.11636607,0.010479532,0.045651052,4,True,5560,0.1268456,0.16201712
L-erythro-MAPP,0.0020235777,0.124681294,-0.059094276,19,True,6610217,0.12670487,-0.0570707
dithiothreitol,0.11615131,0.010171168,0.054080356,6,True,19001,0.12632248,0.17023167
linifanib,0.03927777,0.08597572,0.0064081587,66,True,11485656,0.1252535,0.04568593
SA-1472702,0.08136489,0.043394282,0.002869852,18,True,54654435,0.124759175,0.084234744
dihydrocapsaicin,0.03655821,0.087994084,0.037208267,6,True,107982,0.124552295,0.07376648
vincamine,0.09525499,0.028971711,-0.102510065,22,True,15376,0.1242267,-0.0072550774
CAM-9-021,0.11348647,0.009995788,-0.12633564,25,True,49843020,0.12348226,-0.012849167
kavain,0.0812597,0.042213023,-0.077993214,25,True,5369129,0.12347272,0.0032664835
ML-7,0.0855808,0.037523687,-0.067661166,19,True,4216,0.12310449,0.017919637
JMW-MITF1,0.0963216,0.026304767,0.04612806,54,True,1716436,0.122626364,0.14244966
lonidamine,0.1205962,0.0017734729,0.01264442,78,True,3953,0.12236968,0.13324063
canertinib,0.12084514,0.0013446286,-0.07082029,66,True,156414,0.12218977,0.050024852
BIX-02188,0.11609105,0.00465174,-0.004570484,25,True,50904168,0.12074279,0.111520566
cyanocobalamin,0.021551982,0.09916046,-0.21447384,4,True,73707516,0.120712444,-0.19292186
ropivacaine,0.037629403,0.082588166,0.009918714,13,True,175804,0.12021757,0.047548115
NK42-I-109-1,0.02318814,0.09672746,-0.03621404,17,True,23844163,0.119915605,-0.0130258985
SA-441092,0.019585889,0.09998108,0.0064285416,12,True,54614219,0.11956696,0.02601443
VU-0415108-1,0.047263265,0.07186149,-0.11545786,13,True,53338861,0.119124755,-0.0681946
riluzole,0.10203733,0.016654298,-0.15814081,45,True,5070,0.11869163,-0.056103475
SA-1447005,0.047774483,0.070164904,0.049233977,29,True,73707394,0.11793938,0.09700846
eriodictyol,0.10727127,0.009949673,-0.06258177,39,True,11095,0.11722094,0.0446895
vinpocetine,0.03162431,0.085400105,-0.045920216,41,True,5673,0.117024414,-0.014295906
zolmitriptan,0.09620488,0.020593807,0.06957342,32,True,60857,0.116798684,0.1657783
LY-165163,0.08099997,0.03500378,-0.09707412,25,True,121930,0.11600375,-0.01607415
ipriflavone,0.067768045,0.04774926,-0.043998092,11,True,3747,0.1155173,0.023769952
antimycin-a,0.07030447,0.045210972,-0.08717948,37,True,5702199,0.11551544,-0.016875014
propoxycaine,0.086968884,0.027959079,0.04510074,23,True,6843,0.11492796,0.13206962
acetohydroxamic-acid,0.06279575,0.051874153,0.052787106,8,True,220184,0.114669904,0.11558285
SU-4312,0.104683794,0.009976719,-0.02868406,38,True,6450842,0.11466052,0.07599974
ipidacrine,0.0714473,0.042728305,-0.03827341,11,True,604519,0.1141756,0.03317389
NSC-632839,3.839284e-05,0.1141361,0.06340128,125,True,6477762,0.11417449,0.063439675
levonorgestrel,0.077542275,0.036339868,-0.1577678,41,True,13109,0.11388214,-0.08022553
BI-78D3,0.0074745417,0.10621588,0.0104049025,18,True,2747117,0.11369042,0.017879445
prenylamine,0.07377552,0.03976623,-0.24341086,4,True,65557,0.11354175,-0.16963533
RS-45041-190,0.06645313,0.046655193,-0.06467466,19,True,127951,0.11310832,0.0017784685
SAR-245409,0.09306534,0.019415997,-0.06154219,48,True,49867926,0.11248133,0.031523146
Merck60,0.08118138,0.031045556,0.03581648,75,True,6918878,0.11222693,0.11699785
ampicillin,0.0011311313,0.11076102,-0.107649036,17,True,2174,0.11189215,-0.1065179
O-2050,0.027239583,0.084284216,-0.11705545,19,True,16102146,0.1115238,-0.08981587
5-aminolevulinic-acid,0.08448734,0.026598066,-0.12514096,11,True,137,0.11108541,-0.040653624
bicuculline,0.003169775,0.10783961,-0.08167208,11,True,6710622,0.11100938,-0.078502305
fendiline,0.1055471,0.005296774,-0.19167525,3,True,5702162,0.110843875,-0.086128145
GYKI-52466,0.09674569,0.013337173,0.004682213,19,True,10042240,0.110082865,0.101427905
epothilone,0.018628854,0.091297805,-0.011671357,17,True,448013,0.109926656,0.0069574974
probucol,0.009679237,0.099663876,0.052011713,22,True,4912,0.10934311,0.06169095
KIN001-266,0.10066807,0.008625129,0.019020572,48,True,44143370,0.1092932,0.119688645
LY-278584,0.053078093,0.055812433,0.023747452,19,True,3970,0.108890526,0.076825544
loperamide,0.05993431,0.048728228,-0.07494877,95,True,71420,0.10866254,-0.015014462
cefotaxime,0.09143387,0.01695776,-0.17690706,16,True,5361298,0.10839163,-0.085473195
EMF-sumo1-10,0.055867117,0.05204408,-0.027336506,35,True,24761501,0.1079112,0.02853061
SA-419172,0.044072926,0.06324499,0.095036045,12,True,44505490,0.10731792,0.13910897
thiazolopyrimidine,0.07592486,0.030366287,-0.020682067,95,True,5758458,0.106291145,0.05524279
butamben,0.043951754,0.062025353,-0.02008674,4,True,2482,0.1059771,0.023865014
zalcitabine,0.07412465,0.031607635,0.0115823895,15,True,24066,0.105732284,0.08570704
curcumin,0.06770693,0.036346935,-0.05731349,324,True,16760039,0.10405386,0.010393437
IBC-293,0.014403362,0.08942178,0.00793986,19,True,2736690,0.10382514,0.022343222
phenylbutazone,0.08435855,0.018823402,-0.04241454,23,True,4781,0.10318195,0.041944012
finasteride,0.044680294,0.058401674,0.023972586,53,True,10970751,0.10308197,0.06865288
lamotrigine,0.08950923,0.013305578,-0.0306139,30,True,3878,0.10281481,0.058895327
ZK-93426,0.054406904,0.04829058,-0.06776348,19,True,115210,0.102697484,-0.013356574
SA-1460110,0.014962181,0.08741929,-0.014968269,19,True,54657753,0.10238147,-6.0871243e-06
LY-225910,0.0989126,0.002978189,0.03694942,19,True,4355450,0.10189079,0.13586202
SA-89705,0.04910678,0.052419677,-0.07892579,12,True,44487334,0.101526454,-0.029819008
PJ-34,0.08697815,0.0144336,-0.084431835,95,True,4858,0.10141175,0.0025463179
lawsone,0.076290876,0.0247809,0.050289497,19,True,10125107,0.101071775,0.12658037
molsidomine,0.024557535,0.07651411,0.034459054,23,True,5360788,0.10107164,0.05901659
ARG-CSC2-23,0.057238534,0.04374653,-0.052180022,17,True,51003702,0.100985065,0.005058512
prothionamide,0.065207206,0.034776747,-0.061204787,23,True,666418,0.09998395,0.0040024184
MD-920,0.09442179,0.0052160323,-0.0150763,19,True,6466,0.09963782,0.07934549
prostaglandin-b2,0.020773686,0.07812992,0.07426615,19,True,5280881,0.098903604,0.09503984
VU-0403126,0.086857066,0.010877654,-0.18368748,15,True,44241483,0.09773472,-0.09683041
rifapentine,0.08118757,0.016180981,0.03527823,28,True,23581793,0.09736855,0.1164658
gefitinib,0.06665976,0.0304133,-0.053719267,142,True,123631,0.09707306,0.012940496
mianserin,0.065990075,0.03026567,-0.013029084,22,True,4184,0.09625575,0.05296099
bromfenac,0.064201385,0.031553537,-0.13529475,11,True,60726,0.09575492,-0.071093366
talniflumate,0.068798035,0.02687183,-0.06394394,19,True,48229,0.095669866,0.004854098
epiandrosterone,0.01709751,0.07847887,0.07991334,4,True,11868648,0.09557638,0.09701085
W-13,0.0445185,0.05100491,-0.06836456,19,True,4299,0.09552341,-0.02384606
GW-6471,0.01415503,0.08132878,-0.078244716,27,True,44634742,0.09548381,-0.064089686
VU-0402604,0.057751253,0.037409782,-0.019879296,13,True,44247542,0.095161036,0.037871957
KU-C104129,0.05926027,0.035356656,-0.05889553,12,True,44602378,0.09461693,0.00036474317
AVA,0.0037182653,0.090738244,0.021411862,48,True,11719255,0.09445651,0.025130127
RAN-07,0.08258334,0.0117441565,-0.029862959,35,True,1993104,0.094327495,0.05272038
MLN-8054,0.043192144,0.050948188,-0.039007436,108,True,11712649,0.094140336,0.004184708
AC-55649,0.036573973,0.05743593,0.02485504,59,True,1714884,0.094009906,0.061429013
adapalene,0.03453379,0.05874665,-0.029874502,6,True,60164,0.09328044,0.0046592895
AT-CSC-18,0.055240504,0.037778396,0.1256631,12,True,49843203,0.093018904,0.18090361
coumestrol,0.031914,0.060710415,0.051936135,19,True,5281707,0.09262441,0.08385013
FU-JMBII105B,0.04075533,0.05178699,-0.06481065,15,True,24856237,0.09254232,-0.024055317
SA-1973509,0.08156687,0.010763817,0.028906412,27,True,54657693,0.09233069,0.11047328
SA-1457472,0.044907436,0.04728833,-0.1156992,26,True,54657716,0.092195764,-0.070791766
n-acetyl-l-leucine,0.08604601,0.00575649,-0.020048141,4,True,1241420,0.0918025,0.06599787
westcort,0.06921825,0.021578759,0.19193158,11,True,5225092,0.09079701,0.26114982
epoxycholesterol,0.021703295,0.06866631,-0.010912389,24,True,3247059,0.090369605,0.010790907
SR-12813,0.06381265,0.026278563,-0.23281056,6,True,446313,0.09009121,-0.16899791
L-690330,0.035486005,0.053649135,0.039360687,63,True,132449,0.08913514,0.07484669
nafcillin,0.08469327,0.0033075623,-0.12998149,30,True,23667630,0.088000834,-0.04528822
GR-46611,0.05074921,0.03676027,0.01175826,19,True,6160690,0.08750948,0.062507465
azauridine,0.06446393,0.02217424,-0.05290748,13,True,5901,0.08663817,0.011556447
nefopam,0.035601556,0.050501943,0.0050835833,22,True,155290,0.0861035,0.04068514
GR-32191,0.05389539,0.030935705,-0.13172506,19,True,6918030,0.084831096,-0.07782967
idebenone,0.0064306855,0.07834074,-0.012981683,15,True,3686,0.084771425,-0.0065509975
pancuronium,0.07943122,0.0046892166,-0.07435961,15,True,23641206,0.08412044,0.00507161
equol,0.07927022,0.004715577,-0.06344139,48,True,382975,0.0839858,0.015828833
folic-acid,0.004510369,0.079431646,0.13268326,4,True,6037,0.08394201,0.13719364
BMS-754807,0.07626778,0.007541597,0.050138086,59,True,24785538,0.083809376,0.12640586
GTP-14564,0.043202326,0.03956805,0.031917788,19,True,3385203,0.08277038,0.075120114
SA-1920890,0.024443686,0.058069468,0.19339801,13,True,54666597,0.08251315,0.2178417
relcovaptan,0.048761368,0.032810614,-0.043260783,19,True,60943,0.08157198,0.005500585
isosalsoline,0.019790744,0.061255366,-0.040573183,6,True,46697,0.08104611,-0.020782439
sulfamonomethoxine,0.0018745111,0.079118684,-0.15510523,4,True,5332,0.0809932,-0.15323073
ellagic-acid,0.049582906,0.030903801,0.046286255,6,True,5281855,0.08048671,0.09586916
U-99194,0.07742466,0.0027809143,0.011001341,19,True,11957713,0.080205575,0.088426
sulfachlorpyridazine,0.011376586,0.068819046,0.0689175,4,True,6634,0.080195636,0.08029409
dyclonine,0.044993885,0.034695752,0.029045831,3,True,3180,0.07968964,0.07403971
brimonidine,0.05268275,0.02689869,0.060184866,30,True,2435,0.07958144,0.112867616
dopamine,0.05278257,0.025647847,-0.0052783936,50,True,65340,0.078430414,0.047504175
terbinafine,0.04441638,0.033179965,-0.11657112,22,True,5282481,0.077596344,-0.072154745
SCH-58261,0.061481707,0.015670493,0.03507758,19,True,176408,0.0771522,0.096559286
hyperforin,0.05784627,0.018902704,0.08911442,18,True,51348735,0.076748975,0.14696069
W-12,0.05841597,0.017578434,-0.26059195,8,True,4298,0.0759944,-0.20217597
doxapram,0.03965187,0.036111414,0.09586402,13,True,3156,0.075763285,0.1355159
brivanib,0.073832735,0.0018188879,-0.04955526,66,True,11234052,0.07565162,0.024277475
SDZ-WAG-994,0.019955093,0.055585876,0.017322559,19,True,18755269,0.07554097,0.037277654
vardenafil,0.055471927,0.019907344,-0.01581239,32,True,23581791,0.07537927,0.039659537
tosyllysyl-chloromethyl-ketone,4.200265e-06,0.074910924,-0.11867664,19,True,16760682,0.074915126,-0.11867244
oxalomalic-acid,0.03293842,0.0397953,-0.18544446,18,True,439620,0.07273372,-0.15250604
ST-014366,0.043227512,0.029312335,-0.07600894,13,True,3156173,0.07253985,-0.032781426
pilocarpine,0.06757228,0.0047479225,-0.16761953,15,True,5909,0.0723202,-0.100047246
SC-9,0.038355753,0.032420292,0.048278764,19,True,124172,0.070776045,0.08663452
valyltryptophan,0.04031214,0.030461147,0.059039548,19,True,168182,0.07077329,0.09935169
dinoprostone,0.04544977,0.02495706,-0.03632331,25,True,5280360,0.07040683,0.009126462
tibolone,0.056990206,0.013204053,-0.29773533,12,True,444008,0.07019426,-0.24074513
chloropyramine,0.0040776655,0.06604248,0.027291328,4,True,80311,0.07012015,0.031368993
YL-52,0.03285225,0.036670804,0.021103729,11,True,73707436,0.06952305,0.05395598
SA-1457810,0.06613478,0.0021495074,-0.011519376,12,True,54658117,0.06828429,0.054615404
MNITMT,0.004107803,0.06393056,0.03293433,19,True,364622,0.06803837,0.037042134
varenicline,0.061007693,0.005753398,-0.00574317,17,True,5310966,0.06676109,0.055264525
ethambutol,0.044452883,0.022058569,-0.051629484,16,True,3279,0.06651145,-0.0071766004
raltitrexed,0.056263197,0.009507269,0.14056548,30,True,104758,0.06577046,0.19682868
ethaverine,0.055670813,0.009962572,0.0376597,4,True,3280,0.06563339,0.09333052
orphenadrine,0.00888108,0.05589081,0.023952577,22,True,83823,0.06477189,0.03283366
mercaptopurine,0.054548003,0.010094967,0.0154645,14,True,2724350,0.064642966,0.0700125
7-nitroindazole,0.007939015,0.056308158,-0.022802725,72,True,1893,0.064247176,-0.014863711
IDAM,0.043761067,0.020265698,-0.093383566,6,True,9865652,0.064026766,-0.0496225
rosiglitazone,0.045376692,0.018411977,0.02318874,110,True,77999,0.06378867,0.06856543
CHEMBL-374350,0.048430853,0.0152105875,0.034401443,72,True,2858523,0.063641444,0.08283229
SA-85290,0.00033097528,0.062265724,0.0059673227,12,True,44485243,0.0625967,0.006298298
spironolactone,0.04246922,0.020026594,0.06737271,33,True,5833,0.062495813,0.10984193
rescinnamine,0.025694259,0.036317132,0.0032418966,19,True,5280954,0.06201139,0.028936155
usnic-acid,0.032018065,0.029755272,-0.08157222,6,True,122718,0.061773337,-0.049554154
MW-SHH-54,0.024022855,0.037345693,0.058069527,101,True,70680399,0.061368547,0.08209238
raclopride,0.0029616393,0.057143047,-0.053841036,34,True,3033769,0.060104687,-0.050879396
NVP-BGJ398,0.030765604,0.029015444,-0.066597655,48,True,53235510,0.05978105,-0.03583205
oleoylethanolamide,0.026939489,0.032813314,0.010304343,24,True,5283454,0.059752803,0.037243832
dorzolamide,0.03755128,0.021812655,-0.07555842,4,True,5284549,0.059363935,-0.038007136
barasertib-HQPA,0.02346458,0.03559742,-0.006963438,166,True,16007391,0.059062,0.016501142
sulpiride,0.018204337,0.03989272,-0.208552,21,True,4018928,0.058097057,-0.19034767
felbamate,0.053066507,0.004503846,0.04475005,30,True,3331,0.057570353,0.09781656
celastrol,0.032966174,0.024567932,0.037494592,60,True,73707418,0.057534106,0.07046077
memantine,0.02002025,0.03729128,0.11036513,26,True,11229655,0.05731153,0.13038538
omeprazole,0.015764803,0.041521177,0.04126692,36,True,4594,0.05728598,0.05703172
YL-62,0.028456762,0.028813511,-0.12082118,11,True,73707443,0.057270274,-0.092364416
TUL_XIX003,0.052634224,0.004597798,-0.08288461,27,True,53245456,0.057232022,-0.030250385
mosapride,0.030938074,0.025778793,-0.16586596,29,True,119584,0.056716867,-0.13492788
JAS07-006,0.04979299,0.0067608003,-0.0096644275,15,True,1776583,0.05655379,0.040128563
ON-01910,0.0049840435,0.05035284,0.07593028,65,True,73707390,0.055336885,0.080914326
RG-13022,0.054564573,0.0006271973,-0.03483098,19,True,5468216,0.05519177,0.019733593
SA-1459172,0.0027571656,0.051938456,-0.0041587576,19,True,54657705,0.05469562,-0.001401592
1-monopalmitin,0.050522655,0.0039879084,-0.05167429,11,True,14900,0.054510564,-0.0011516362
TUL-XVIII076,0.029097766,0.025271967,-0.038861908,17,True,73707370,0.054369733,-0.009764142
SB-216763,0.029727481,0.024045002,0.005163282,113,True,176158,0.053772483,0.034890763
tosufloxacin,0.013389818,0.040082477,0.00039438903,15,True,93858,0.053472295,0.013784207
nortriptyline,0.014186781,0.03865672,-0.12992704,22,True,441358,0.0528435,-0.115740255
theophylline,0.035819918,0.01700953,0.13733888,15,True,2153,0.052829448,0.1731588
piperacetazine,0.03474007,0.017606312,0.0015909318,19,True,19675,0.052346386,0.036331005
PSH-028,0.046036392,0.0054021776,-0.07371423,15,True,24747194,0.05143857,-0.027677834
BIX-02189,0.04806694,0.002873093,0.038622573,54,True,46931012,0.050940033,0.08668952
KU-C104145,0.0011772886,0.04953696,-0.06395204,13,True,44607977,0.050714247,-0.062774755
AT1-SHH-09,0.022651184,0.027939059,0.0026811985,101,True,70680404,0.050590243,0.025332384
VU-0420364-1,0.034312528,0.014947772,-0.19048306,12,True,46897843,0.0492603,-0.15617053
flufenamic-acid,0.0022605676,0.045920428,-0.038913067,22,True,3371,0.048180997,-0.036652498
lamivudine,0.014779052,0.033198144,0.00073309056,28,True,60825,0.047977194,0.015512142
BG-1019,0.014273565,0.03349816,-0.118673936,6,True,44506454,0.047771726,-0.10440037
SDZ-NKT-343,0.04445026,0.0033196956,-0.072605446,19,True,44208964,0.047769956,-0.028155185
T-5345967,0.018666487,0.02877555,-0.07724774,72,True,2113511,0.047442038,-0.05858125
erythromycin,0.038319446,0.008616626,-0.014379485,41,True,12560,0.046936072,0.023939962
SA-1922006,0.01664759,0.030150652,-0.1115737,13,True,54666542,0.046798244,-0.09492611
KU-C104230,0.016795296,0.029766053,0.030005075,13,True,44602407,0.04656135,0.04680037
EMF-BCA1-64,0.025776096,0.020523276,-0.097442456,30,True,46907798,0.046299372,-0.07166636
fluocinonide,0.025895834,0.019814227,0.13119827,15,True,9642,0.04571006,0.1570941
lavendustin-c,0.036125973,0.009340137,-0.052203313,18,True,3896,0.04546611,-0.01607734
WZ-4002,0.009034306,0.03476745,-0.02389884,83,True,44607530,0.043801755,-0.014864534
scopolamine,0.036738843,0.0067025325,0.023665827,64,True,5702114,0.043441374,0.06040467
zolantidine,0.023240412,0.019312631,-0.05671387,19,True,23640915,0.042553045,-0.033473462
KU-C104142,0.035754606,0.003963083,-0.15952948,13,True,44607591,0.03971769,-0.12377487
SD-6-035-A6,0.030821603,0.008871362,-0.17820954,13,True,46925828,0.039692964,-0.14738794
Ro-10-5824,0.027016178,0.011851888,-0.01858102,19,True,16759175,0.038868066,0.008435158
depudecin,0.038287885,0.00047835708,0.043041617,17,True,10420710,0.038766243,0.0813295
SA-1922927,0.0030779298,0.03425201,-0.087956816,18,True,54669304,0.037329942,-0.084878884
orciprenaline,0.026602643,0.008561253,0.09052874,26,True,9861452,0.035163894,0.11713138
APHA-compound-8,0.0103099365,0.024783779,0.013836414,18,True,10379137,0.035093717,0.02414635
UK-356618,0.0039417967,0.030711867,0.0013942868,59,True,10370504,0.034653664,0.0053360835
nilotinib,0.023947483,0.010652088,0.02162718,120,True,644241,0.034599572,0.045574665
proxymetacaine,0.02213411,0.012366153,0.020665038,34,True,517321,0.034500264,0.04279915
ZM-447439,0.030645609,0.0037729964,-0.026986055,131,True,9914412,0.034418605,0.0036595538
MW-A1-6,0.016531648,0.015780516,0.004999697,17,True,2888950,0.032312162,0.021531345
temefos,0.0043912977,0.024926126,-0.033346303,19,True,5392,0.029317424,-0.028955005
GSK-429286A,0.0031883023,0.025899887,0.057536,82,True,11373846,0.02908819,0.0607243
sulindac,0.016811859,0.011877754,-0.02324773,42,True,1548887,0.028689612,-0.006435871
JNJ-26481585,0.01582563,0.010496259,0.013558861,18,True,11538455,0.026321888,0.02938449
xaliproden,0.008640102,0.015650734,-0.0018208772,19,True,128919,0.024290837,0.006819225
norepinephrine,0.0007080883,0.022558093,0.10753937,17,True,5923,0.023266181,0.10824746
UCL-2077,0.0064980164,0.015021234,0.030904464,19,True,24868317,0.021519251,0.03740248
SA-1922111,0.006360665,0.008423038,-0.17945313,12,True,54666825,0.014783703,-0.17309247
veliparib,0.012031496,0.001627557,-0.0885302,143,True,11960529,0.013659053,-0.0764987
SA-1920013,0.008534647,0.003392743,0.0861335,16,True,54666569,0.01192739,0.09466815
Gly-Gly-PALO,0.005000472,0.005763285,0.024313275,59,True,172813,0.010763757,0.029313747
linoleamide,0.009434022,0.0011894703,0.0015380308,19,True,6435901,0.010623492,0.010972053
MW-SHH-97,0.004464604,0.0053341463,0.027094897,101,True,70680398,0.00979875,0.0315595
avrainvillamide-analog-3,0.0033336151,0.00091768056,0.053666223,48,True,73707609,0.0042512957,0.05699984
masitinib,0.000916902,0.0020928923,0.088318154,66,True,10074640,0.0030097943,0.08923505
